CountryId,Index,Date,Price
US,SPX,2019-12-30,13249.01
US,SPX,2020-01-02,13385.93
US,SPX,2020-01-03,13219.14
US,SPX,2020-01-06,13126.99
US,SPX,2020-01-07,13226.83
US,SPX,2020-01-08,13320.18
US,SPX,2020-01-09,13495.06
US,SPX,2020-01-10,13483.31
US,SPX,2020-01-13,13451.52
US,SPX,2020-01-14,13456.49
US,SPX,2020-01-15,13432.3
US,SPX,2020-01-16,13429.43
US,SPX,2020-01-17,13526.13
US,SPX,2020-01-20,13548.94
US,SPX,2020-01-21,13555.87
US,SPX,2020-01-22,13515.75
US,SPX,2020-01-23,13388.42
US,SPX,2020-01-24,13576.68
US,SPX,2020-01-27,13204.77
US,SPX,2020-01-28,13323.69
US,SPX,2020-01-29,13345.0
US,SPX,2020-01-30,13157.12
US,SPX,2020-01-31,12981.97
US,SPX,2020-02-03,13045.19
US,SPX,2020-02-04,13281.74
US,SPX,2020-02-05,13478.33
US,SPX,2020-02-06,13574.82
US,SPX,2020-02-07,13513.81
US,SPX,2020-02-10,13494.03
US,SPX,2020-02-11,13627.84
US,SPX,2020-02-12,13749.78
US,SPX,2020-02-13,13745.43
US,SPX,2020-02-14,13744.21
US,SPX,2020-02-17,13783.89
US,SPX,2020-02-18,13681.19
US,SPX,2020-02-19,13789.0
US,SPX,2020-02-20,13664.0
US,SPX,2020-02-21,13579.33
US,SPX,2020-02-24,13035.24
US,SPX,2020-02-25,12790.49
US,SPX,2020-02-26,12774.88
US,SPX,2020-02-27,12367.46
US,SPX,2020-02-28,11890.35
US,SPX,2020-03-02,11857.87
US,SPX,2020-03-03,11985.39
US,SPX,2020-03-04,12127.69
US,SPX,2020-03-05,11944.72
US,SPX,2020-03-06,11541.87
US,SPX,2020-03-09,10625.02
US,SPX,2020-03-10,10475.49
US,SPX,2020-03-11,10438.68
US,SPX,2020-03-12,9161.13
US,SPX,2020-03-13,9232.08
US,SPX,2020-03-16,8742.25
US,SPX,2020-03-17,8939.1
US,SPX,2020-03-18,8441.71
US,SPX,2020-03-19,8610.43
US,SPX,2020-03-20,8928.95
US,SPX,2020-03-23,8741.15
US,SPX,2020-03-24,9700.57
US,SPX,2020-03-25,9874.26
US,SPX,2020-03-26,10000.96
US,SPX,2020-03-27,9632.52
US,SPX,2020-03-30,9815.97
US,SPX,2020-03-31,9935.84
US,SPX,2020-04-01,9544.75
US,SPX,2020-04-02,9570.82
US,SPX,2020-04-03,9525.77
US,SPX,2020-04-06,10075.17
US,SPX,2020-04-07,10356.7
US,SPX,2020-04-08,10332.89
US,SPX,2020-04-09,10564.74
US,SPX,2020-04-14,10696.56
US,SPX,2020-04-15,10279.76
US,SPX,2020-04-16,10301.54
US,SPX,2020-04-17,10625.78
US,SPX,2020-04-20,10675.9
US,SPX,2020-04-21,10249.85
US,SPX,2020-04-22,10415.03
US,SPX,2020-04-23,10513.79
US,SPX,2020-04-24,10336.09
US,SPX,2020-04-27,10659.99
US,SPX,2020-04-28,10795.63
US,SPX,2020-04-29,11107.74
US,SPX,2020-04-30,10861.64
US,SPX,2020-05-04,10466.8
US,SPX,2020-05-05,10729.46
US,SPX,2020-05-06,10606.2
US,SPX,2020-05-07,10759.27
US,SPX,2020-05-08,10904.48
US,SPX,2020-05-11,10824.99
US,SPX,2020-05-12,10819.5
US,SPX,2020-05-13,10542.66
US,SPX,2020-05-14,10337.02
US,SPX,2020-05-15,10465.17
US,SPX,2020-05-18,11058.87
US,SPX,2020-05-19,11075.29
US,SPX,2020-05-20,11223.71
US,SPX,2020-05-21,11065.93
US,SPX,2020-05-22,11073.87
US,SPX,2020-05-25,11391.28
US,SPX,2020-05-26,11504.65
US,SPX,2020-05-27,11657.69
US,SPX,2020-05-28,11781.13
US,SPX,2020-05-29,11586.85
US,SPX,2020-06-02,12021.28
US,SPX,2020-06-03,12487.36
US,SPX,2020-06-04,12430.56
US,SPX,2020-06-05,12847.68
US,SPX,2020-06-08,12819.59
US,SPX,2020-06-09,12617.99
US,SPX,2020-06-10,12530.16
US,SPX,2020-06-11,11970.29
US,SPX,2020-06-12,11949.28
US,SPX,2020-06-15,11911.35
US,SPX,2020-06-16,12315.66
US,SPX,2020-06-17,12382.14
US,SPX,2020-06-18,12281.53
US,SPX,2020-06-19,12330.76
US,SPX,2020-06-22,12262.97
US,SPX,2020-06-23,12523.76
US,SPX,2020-06-24,12093.94
US,SPX,2020-06-25,12177.87
US,SPX,2020-06-26,12089.39
US,SPX,2020-06-29,12232.12
US,SPX,2020-06-30,12310.93
US,SPX,2020-07-01,12260.57
US,SPX,2020-07-02,12608.46
US,SPX,2020-07-03,12528.18
US,SPX,2020-07-06,12733.45
US,SPX,2020-07-07,12616.8
US,SPX,2020-07-08,12494.81
US,SPX,2020-07-09,12489.46
US,SPX,2020-07-10,12633.71
US,SPX,2020-07-13,12799.97
US,SPX,2020-07-14,12697.36
US,SPX,2020-07-15,12930.98
US,SPX,2020-07-16,12874.97
US,SPX,2020-07-17,12919.61
US,SPX,2020-07-20,13046.92
US,SPX,2020-07-21,13171.83
US,SPX,2020-07-22,13104.25
US,SPX,2020-07-23,13103.39
US,SPX,2020-07-24,12838.06
US,SPX,2020-07-27,12838.66
US,SPX,2020-07-28,12835.28
US,SPX,2020-07-29,12822.26
US,SPX,2020-07-30,12379.65
US,SPX,2020-07-31,12313.36
US,SPX,2020-08-03,12646.98
US,SPX,2020-08-04,12600.87
US,SPX,2020-08-05,12660.25
US,SPX,2020-08-06,12591.68
US,SPX,2020-08-07,12674.88
US,SPX,2020-08-10,12687.53
US,SPX,2020-08-11,12946.89
US,SPX,2020-08-12,13058.63
US,SPX,2020-08-13,12993.71
US,SPX,2020-08-14,12901.34
US,SPX,2020-08-17,12920.66
US,SPX,2020-08-18,12881.76
US,SPX,2020-08-19,12977.33
US,SPX,2020-08-20,12830.0
US,SPX,2020-08-21,12764.8
US,SPX,2020-08-24,13066.54
US,SPX,2020-08-25,13061.62
US,SPX,2020-08-26,13190.15
US,SPX,2020-08-27,13096.36
US,SPX,2020-08-28,13033.2
US,SPX,2020-08-31,12945.38
US,SPX,2020-09-01,12974.25
US,SPX,2020-09-02,13243.43
US,SPX,2020-09-03,13057.77
US,SPX,2020-09-04,12842.66
US,SPX,2020-09-07,13100.28
US,SPX,2020-09-08,12968.33
US,SPX,2020-09-09,13237.21
US,SPX,2020-09-10,13208.89
US,SPX,2020-09-11,13202.84
US,SPX,2020-09-14,13193.66
US,SPX,2020-09-15,13217.67
US,SPX,2020-09-16,13255.37
US,SPX,2020-09-17,13208.12
ARG,MERVAL,2019-12-30,13249.01
ARG,MERVAL,2020-01-02,13385.93
ARG,MERVAL,2020-01-03,13219.14
ARG,MERVAL,2020-01-06,13126.99
ARG,MERVAL,2020-01-07,13226.83
ARG,MERVAL,2020-01-08,13320.18
ARG,MERVAL,2020-01-09,13495.06
ARG,MERVAL,2020-01-10,13483.31
ARG,MERVAL,2020-01-13,13451.52
ARG,MERVAL,2020-01-14,13456.49
ARG,MERVAL,2020-01-15,13432.3
ARG,MERVAL,2020-01-16,13429.43
ARG,MERVAL,2020-01-17,13526.13
ARG,MERVAL,2020-01-20,13548.94
ARG,MERVAL,2020-01-21,13555.87
ARG,MERVAL,2020-01-22,13515.75
ARG,MERVAL,2020-01-23,13388.42
ARG,MERVAL,2020-01-24,13576.68
ARG,MERVAL,2020-01-27,13204.77
ARG,MERVAL,2020-01-28,13323.69
ARG,MERVAL,2020-01-29,13345.0
ARG,MERVAL,2020-01-30,13157.12
ARG,MERVAL,2020-01-31,12981.97
ARG,MERVAL,2020-02-03,13045.19
ARG,MERVAL,2020-02-04,13281.74
ARG,MERVAL,2020-02-05,13478.33
ARG,MERVAL,2020-02-06,13574.82
ARG,MERVAL,2020-02-07,13513.81
ARG,MERVAL,2020-02-10,13494.03
ARG,MERVAL,2020-02-11,13627.84
ARG,MERVAL,2020-02-12,13749.78
ARG,MERVAL,2020-02-13,13745.43
ARG,MERVAL,2020-02-14,13744.21
ARG,MERVAL,2020-02-17,13783.89
ARG,MERVAL,2020-02-18,13681.19
ARG,MERVAL,2020-02-19,13789.0
ARG,MERVAL,2020-02-20,13664.0
ARG,MERVAL,2020-02-21,13579.33
ARG,MERVAL,2020-02-24,13035.24
ARG,MERVAL,2020-02-25,12790.49
ARG,MERVAL,2020-02-26,12774.88
ARG,MERVAL,2020-02-27,12367.46
ARG,MERVAL,2020-02-28,11890.35
ARG,MERVAL,2020-03-02,11857.87
ARG,MERVAL,2020-03-03,11985.39
ARG,MERVAL,2020-03-04,12127.69
ARG,MERVAL,2020-03-05,11944.72
ARG,MERVAL,2020-03-06,11541.87
ARG,MERVAL,2020-03-09,10625.02
ARG,MERVAL,2020-03-10,10475.49
ARG,MERVAL,2020-03-11,10438.68
ARG,MERVAL,2020-03-12,9161.13
ARG,MERVAL,2020-03-13,9232.08
ARG,MERVAL,2020-03-16,8742.25
ARG,MERVAL,2020-03-17,8939.1
ARG,MERVAL,2020-03-18,8441.71
ARG,MERVAL,2020-03-19,8610.43
ARG,MERVAL,2020-03-20,8928.95
ARG,MERVAL,2020-03-23,8741.15
ARG,MERVAL,2020-03-24,9700.57
ARG,MERVAL,2020-03-25,9874.26
ARG,MERVAL,2020-03-26,10000.96
ARG,MERVAL,2020-03-27,9632.52
ARG,MERVAL,2020-03-30,9815.97
ARG,MERVAL,2020-03-31,9935.84
ARG,MERVAL,2020-04-01,9544.75
ARG,MERVAL,2020-04-02,9570.82
ARG,MERVAL,2020-04-03,9525.77
ARG,MERVAL,2020-04-06,10075.17
ARG,MERVAL,2020-04-07,10356.7
ARG,MERVAL,2020-04-08,10332.89
ARG,MERVAL,2020-04-09,10564.74
ARG,MERVAL,2020-04-14,10696.56
ARG,MERVAL,2020-04-15,10279.76
ARG,MERVAL,2020-04-16,10301.54
ARG,MERVAL,2020-04-17,10625.78
ARG,MERVAL,2020-04-20,10675.9
ARG,MERVAL,2020-04-21,10249.85
ARG,MERVAL,2020-04-22,10415.03
ARG,MERVAL,2020-04-23,10513.79
ARG,MERVAL,2020-04-24,10336.09
ARG,MERVAL,2020-04-27,10659.99
ARG,MERVAL,2020-04-28,10795.63
ARG,MERVAL,2020-04-29,11107.74
ARG,MERVAL,2020-04-30,10861.64
ARG,MERVAL,2020-05-04,10466.8
ARG,MERVAL,2020-05-05,10729.46
ARG,MERVAL,2020-05-06,10606.2
ARG,MERVAL,2020-05-07,10759.27
ARG,MERVAL,2020-05-08,10904.48
ARG,MERVAL,2020-05-11,10824.99
ARG,MERVAL,2020-05-12,10819.5
ARG,MERVAL,2020-05-13,10542.66
ARG,MERVAL,2020-05-14,10337.02
ARG,MERVAL,2020-05-15,10465.17
ARG,MERVAL,2020-05-18,11058.87
ARG,MERVAL,2020-05-19,11075.29
ARG,MERVAL,2020-05-20,11223.71
ARG,MERVAL,2020-05-21,11065.93
ARG,MERVAL,2020-05-22,11073.87
ARG,MERVAL,2020-05-25,11391.28
ARG,MERVAL,2020-05-26,11504.65
ARG,MERVAL,2020-05-27,11657.69
ARG,MERVAL,2020-05-28,11781.13
ARG,MERVAL,2020-05-29,11586.85
ARG,MERVAL,2020-06-02,12021.28
ARG,MERVAL,2020-06-03,12487.36
ARG,MERVAL,2020-06-04,12430.56
ARG,MERVAL,2020-06-05,12847.68
ARG,MERVAL,2020-06-08,12819.59
ARG,MERVAL,2020-06-09,12617.99
ARG,MERVAL,2020-06-10,12530.16
ARG,MERVAL,2020-06-11,11970.29
ARG,MERVAL,2020-06-12,11949.28
ARG,MERVAL,2020-06-15,11911.35
ARG,MERVAL,2020-06-16,12315.66
ARG,MERVAL,2020-06-17,12382.14
ARG,MERVAL,2020-06-18,12281.53
ARG,MERVAL,2020-06-19,12330.76
ARG,MERVAL,2020-06-22,12262.97
ARG,MERVAL,2020-06-23,12523.76
ARG,MERVAL,2020-06-24,12093.94
ARG,MERVAL,2020-06-25,12177.87
ARG,MERVAL,2020-06-26,12089.39
ARG,MERVAL,2020-06-29,12232.12
ARG,MERVAL,2020-06-30,12310.93
ARG,MERVAL,2020-07-01,12260.57
ARG,MERVAL,2020-07-02,12608.46
ARG,MERVAL,2020-07-03,12528.18
ARG,MERVAL,2020-07-06,12733.45
ARG,MERVAL,2020-07-07,12616.8
ARG,MERVAL,2020-07-08,12494.81
ARG,MERVAL,2020-07-09,12489.46
ARG,MERVAL,2020-07-10,12633.71
ARG,MERVAL,2020-07-13,12799.97
ARG,MERVAL,2020-07-14,12697.36
ARG,MERVAL,2020-07-15,12930.98
ARG,MERVAL,2020-07-16,12874.97
ARG,MERVAL,2020-07-17,12919.61
ARG,MERVAL,2020-07-20,13046.92
ARG,MERVAL,2020-07-21,13171.83
ARG,MERVAL,2020-07-22,13104.25
ARG,MERVAL,2020-07-23,13103.39
ARG,MERVAL,2020-07-24,12838.06
ARG,MERVAL,2020-07-27,12838.66
ARG,MERVAL,2020-07-28,12835.28
ARG,MERVAL,2020-07-29,12822.26
ARG,MERVAL,2020-07-30,12379.65
ARG,MERVAL,2020-07-31,12313.36
ARG,MERVAL,2020-08-03,12646.98
ARG,MERVAL,2020-08-04,12600.87
ARG,MERVAL,2020-08-05,12660.25
ARG,MERVAL,2020-08-06,12591.68
ARG,MERVAL,2020-08-07,12674.88
ARG,MERVAL,2020-08-10,12687.53
ARG,MERVAL,2020-08-11,12946.89
ARG,MERVAL,2020-08-12,13058.63
ARG,MERVAL,2020-08-13,12993.71
ARG,MERVAL,2020-08-14,12901.34
ARG,MERVAL,2020-08-17,12920.66
ARG,MERVAL,2020-08-18,12881.76
ARG,MERVAL,2020-08-19,12977.33
ARG,MERVAL,2020-08-20,12830.0
ARG,MERVAL,2020-08-21,12764.8
ARG,MERVAL,2020-08-24,13066.54
ARG,MERVAL,2020-08-25,13061.62
ARG,MERVAL,2020-08-26,13190.15
ARG,MERVAL,2020-08-27,13096.36
ARG,MERVAL,2020-08-28,13033.2
ARG,MERVAL,2020-08-31,12945.38
ARG,MERVAL,2020-09-01,12974.25
ARG,MERVAL,2020-09-02,13243.43
ARG,MERVAL,2020-09-03,13057.77
ARG,MERVAL,2020-09-04,12842.66
ARG,MERVAL,2020-09-07,13100.28
ARG,MERVAL,2020-09-08,12968.33
ARG,MERVAL,2020-09-09,13237.21
ARG,MERVAL,2020-09-10,13208.89
ARG,MERVAL,2020-09-11,13202.84
ARG,MERVAL,2020-09-14,13193.66
ARG,MERVAL,2020-09-15,13217.67
ARG,MERVAL,2020-09-16,13255.37
ARG,MERVAL,2020-09-17,13208.12
BRA,BVSP,2019-12-30,13249.01
BRA,BVSP,2020-01-02,13385.93
BRA,BVSP,2020-01-03,13219.14
BRA,BVSP,2020-01-06,13126.99
BRA,BVSP,2020-01-07,13226.83
BRA,BVSP,2020-01-08,13320.18
BRA,BVSP,2020-01-09,13495.06
BRA,BVSP,2020-01-10,13483.31
BRA,BVSP,2020-01-13,13451.52
BRA,BVSP,2020-01-14,13456.49
BRA,BVSP,2020-01-15,13432.3
BRA,BVSP,2020-01-16,13429.43
BRA,BVSP,2020-01-17,13526.13
BRA,BVSP,2020-01-20,13548.94
BRA,BVSP,2020-01-21,13555.87
BRA,BVSP,2020-01-22,13515.75
BRA,BVSP,2020-01-23,13388.42
BRA,BVSP,2020-01-24,13576.68
BRA,BVSP,2020-01-27,13204.77
BRA,BVSP,2020-01-28,13323.69
BRA,BVSP,2020-01-29,13345.0
BRA,BVSP,2020-01-30,13157.12
BRA,BVSP,2020-01-31,12981.97
BRA,BVSP,2020-02-03,13045.19
BRA,BVSP,2020-02-04,13281.74
BRA,BVSP,2020-02-05,13478.33
BRA,BVSP,2020-02-06,13574.82
BRA,BVSP,2020-02-07,13513.81
BRA,BVSP,2020-02-10,13494.03
BRA,BVSP,2020-02-11,13627.84
BRA,BVSP,2020-02-12,13749.78
BRA,BVSP,2020-02-13,13745.43
BRA,BVSP,2020-02-14,13744.21
BRA,BVSP,2020-02-17,13783.89
BRA,BVSP,2020-02-18,13681.19
BRA,BVSP,2020-02-19,13789.0
BRA,BVSP,2020-02-20,13664.0
BRA,BVSP,2020-02-21,13579.33
BRA,BVSP,2020-02-24,13035.24
BRA,BVSP,2020-02-25,12790.49
BRA,BVSP,2020-02-26,12774.88
BRA,BVSP,2020-02-27,12367.46
BRA,BVSP,2020-02-28,11890.35
BRA,BVSP,2020-03-02,11857.87
BRA,BVSP,2020-03-03,11985.39
BRA,BVSP,2020-03-04,12127.69
BRA,BVSP,2020-03-05,11944.72
BRA,BVSP,2020-03-06,11541.87
BRA,BVSP,2020-03-09,10625.02
BRA,BVSP,2020-03-10,10475.49
BRA,BVSP,2020-03-11,10438.68
BRA,BVSP,2020-03-12,9161.13
BRA,BVSP,2020-03-13,9232.08
BRA,BVSP,2020-03-16,8742.25
BRA,BVSP,2020-03-17,8939.1
BRA,BVSP,2020-03-18,8441.71
BRA,BVSP,2020-03-19,8610.43
BRA,BVSP,2020-03-20,8928.95
BRA,BVSP,2020-03-23,8741.15
BRA,BVSP,2020-03-24,9700.57
BRA,BVSP,2020-03-25,9874.26
BRA,BVSP,2020-03-26,10000.96
BRA,BVSP,2020-03-27,9632.52
BRA,BVSP,2020-03-30,9815.97
BRA,BVSP,2020-03-31,9935.84
BRA,BVSP,2020-04-01,9544.75
BRA,BVSP,2020-04-02,9570.82
BRA,BVSP,2020-04-03,9525.77
BRA,BVSP,2020-04-06,10075.17
BRA,BVSP,2020-04-07,10356.7
BRA,BVSP,2020-04-08,10332.89
BRA,BVSP,2020-04-09,10564.74
BRA,BVSP,2020-04-14,10696.56
BRA,BVSP,2020-04-15,10279.76
BRA,BVSP,2020-04-16,10301.54
BRA,BVSP,2020-04-17,10625.78
BRA,BVSP,2020-04-20,10675.9
BRA,BVSP,2020-04-21,10249.85
BRA,BVSP,2020-04-22,10415.03
BRA,BVSP,2020-04-23,10513.79
BRA,BVSP,2020-04-24,10336.09
BRA,BVSP,2020-04-27,10659.99
BRA,BVSP,2020-04-28,10795.63
BRA,BVSP,2020-04-29,11107.74
BRA,BVSP,2020-04-30,10861.64
BRA,BVSP,2020-05-04,10466.8
BRA,BVSP,2020-05-05,10729.46
BRA,BVSP,2020-05-06,10606.2
BRA,BVSP,2020-05-07,10759.27
BRA,BVSP,2020-05-08,10904.48
BRA,BVSP,2020-05-11,10824.99
BRA,BVSP,2020-05-12,10819.5
BRA,BVSP,2020-05-13,10542.66
BRA,BVSP,2020-05-14,10337.02
BRA,BVSP,2020-05-15,10465.17
BRA,BVSP,2020-05-18,11058.87
BRA,BVSP,2020-05-19,11075.29
BRA,BVSP,2020-05-20,11223.71
BRA,BVSP,2020-05-21,11065.93
BRA,BVSP,2020-05-22,11073.87
BRA,BVSP,2020-05-25,11391.28
BRA,BVSP,2020-05-26,11504.65
BRA,BVSP,2020-05-27,11657.69
BRA,BVSP,2020-05-28,11781.13
BRA,BVSP,2020-05-29,11586.85
BRA,BVSP,2020-06-02,12021.28
BRA,BVSP,2020-06-03,12487.36
BRA,BVSP,2020-06-04,12430.56
BRA,BVSP,2020-06-05,12847.68
BRA,BVSP,2020-06-08,12819.59
BRA,BVSP,2020-06-09,12617.99
BRA,BVSP,2020-06-10,12530.16
BRA,BVSP,2020-06-11,11970.29
BRA,BVSP,2020-06-12,11949.28
BRA,BVSP,2020-06-15,11911.35
BRA,BVSP,2020-06-16,12315.66
BRA,BVSP,2020-06-17,12382.14
BRA,BVSP,2020-06-18,12281.53
BRA,BVSP,2020-06-19,12330.76
BRA,BVSP,2020-06-22,12262.97
BRA,BVSP,2020-06-23,12523.76
BRA,BVSP,2020-06-24,12093.94
BRA,BVSP,2020-06-25,12177.87
BRA,BVSP,2020-06-26,12089.39
BRA,BVSP,2020-06-29,12232.12
BRA,BVSP,2020-06-30,12310.93
BRA,BVSP,2020-07-01,12260.57
BRA,BVSP,2020-07-02,12608.46
BRA,BVSP,2020-07-03,12528.18
BRA,BVSP,2020-07-06,12733.45
BRA,BVSP,2020-07-07,12616.8
BRA,BVSP,2020-07-08,12494.81
BRA,BVSP,2020-07-09,12489.46
BRA,BVSP,2020-07-10,12633.71
BRA,BVSP,2020-07-13,12799.97
BRA,BVSP,2020-07-14,12697.36
BRA,BVSP,2020-07-15,12930.98
BRA,BVSP,2020-07-16,12874.97
BRA,BVSP,2020-07-17,12919.61
BRA,BVSP,2020-07-20,13046.92
BRA,BVSP,2020-07-21,13171.83
BRA,BVSP,2020-07-22,13104.25
BRA,BVSP,2020-07-23,13103.39
BRA,BVSP,2020-07-24,12838.06
BRA,BVSP,2020-07-27,12838.66
BRA,BVSP,2020-07-28,12835.28
BRA,BVSP,2020-07-29,12822.26
BRA,BVSP,2020-07-30,12379.65
BRA,BVSP,2020-07-31,12313.36
BRA,BVSP,2020-08-03,12646.98
BRA,BVSP,2020-08-04,12600.87
BRA,BVSP,2020-08-05,12660.25
BRA,BVSP,2020-08-06,12591.68
BRA,BVSP,2020-08-07,12674.88
BRA,BVSP,2020-08-10,12687.53
BRA,BVSP,2020-08-11,12946.89
BRA,BVSP,2020-08-12,13058.63
BRA,BVSP,2020-08-13,12993.71
BRA,BVSP,2020-08-14,12901.34
BRA,BVSP,2020-08-17,12920.66
BRA,BVSP,2020-08-18,12881.76
BRA,BVSP,2020-08-19,12977.33
BRA,BVSP,2020-08-20,12830.0
BRA,BVSP,2020-08-21,12764.8
BRA,BVSP,2020-08-24,13066.54
BRA,BVSP,2020-08-25,13061.62
BRA,BVSP,2020-08-26,13190.15
BRA,BVSP,2020-08-27,13096.36
BRA,BVSP,2020-08-28,13033.2
BRA,BVSP,2020-08-31,12945.38
BRA,BVSP,2020-09-01,12974.25
BRA,BVSP,2020-09-02,13243.43
BRA,BVSP,2020-09-03,13057.77
BRA,BVSP,2020-09-04,12842.66
BRA,BVSP,2020-09-07,13100.28
BRA,BVSP,2020-09-08,12968.33
BRA,BVSP,2020-09-09,13237.21
BRA,BVSP,2020-09-10,13208.89
BRA,BVSP,2020-09-11,13202.84
BRA,BVSP,2020-09-14,13193.66
BRA,BVSP,2020-09-15,13217.67
BRA,BVSP,2020-09-16,13255.37
BRA,BVSP,2020-09-17,13208.12
COL,COLCAP,2019-12-30,13249.01
COL,COLCAP,2020-01-02,13385.93
COL,COLCAP,2020-01-03,13219.14
COL,COLCAP,2020-01-06,13126.99
COL,COLCAP,2020-01-07,13226.83
COL,COLCAP,2020-01-08,13320.18
COL,COLCAP,2020-01-09,13495.06
COL,COLCAP,2020-01-10,13483.31
COL,COLCAP,2020-01-13,13451.52
COL,COLCAP,2020-01-14,13456.49
COL,COLCAP,2020-01-15,13432.3
COL,COLCAP,2020-01-16,13429.43
COL,COLCAP,2020-01-17,13526.13
COL,COLCAP,2020-01-20,13548.94
COL,COLCAP,2020-01-21,13555.87
COL,COLCAP,2020-01-22,13515.75
COL,COLCAP,2020-01-23,13388.42
COL,COLCAP,2020-01-24,13576.68
COL,COLCAP,2020-01-27,13204.77
COL,COLCAP,2020-01-28,13323.69
COL,COLCAP,2020-01-29,13345.0
COL,COLCAP,2020-01-30,13157.12
COL,COLCAP,2020-01-31,12981.97
COL,COLCAP,2020-02-03,13045.19
COL,COLCAP,2020-02-04,13281.74
COL,COLCAP,2020-02-05,13478.33
COL,COLCAP,2020-02-06,13574.82
COL,COLCAP,2020-02-07,13513.81
COL,COLCAP,2020-02-10,13494.03
COL,COLCAP,2020-02-11,13627.84
COL,COLCAP,2020-02-12,13749.78
COL,COLCAP,2020-02-13,13745.43
COL,COLCAP,2020-02-14,13744.21
COL,COLCAP,2020-02-17,13783.89
COL,COLCAP,2020-02-18,13681.19
COL,COLCAP,2020-02-19,13789.0
COL,COLCAP,2020-02-20,13664.0
COL,COLCAP,2020-02-21,13579.33
COL,COLCAP,2020-02-24,13035.24
COL,COLCAP,2020-02-25,12790.49
COL,COLCAP,2020-02-26,12774.88
COL,COLCAP,2020-02-27,12367.46
COL,COLCAP,2020-02-28,11890.35
COL,COLCAP,2020-03-02,11857.87
COL,COLCAP,2020-03-03,11985.39
COL,COLCAP,2020-03-04,12127.69
COL,COLCAP,2020-03-05,11944.72
COL,COLCAP,2020-03-06,11541.87
COL,COLCAP,2020-03-09,10625.02
COL,COLCAP,2020-03-10,10475.49
COL,COLCAP,2020-03-11,10438.68
COL,COLCAP,2020-03-12,9161.13
COL,COLCAP,2020-03-13,9232.08
COL,COLCAP,2020-03-16,8742.25
COL,COLCAP,2020-03-17,8939.1
COL,COLCAP,2020-03-18,8441.71
COL,COLCAP,2020-03-19,8610.43
COL,COLCAP,2020-03-20,8928.95
COL,COLCAP,2020-03-23,8741.15
COL,COLCAP,2020-03-24,9700.57
COL,COLCAP,2020-03-25,9874.26
COL,COLCAP,2020-03-26,10000.96
COL,COLCAP,2020-03-27,9632.52
COL,COLCAP,2020-03-30,9815.97
COL,COLCAP,2020-03-31,9935.84
COL,COLCAP,2020-04-01,9544.75
COL,COLCAP,2020-04-02,9570.82
COL,COLCAP,2020-04-03,9525.77
COL,COLCAP,2020-04-06,10075.17
COL,COLCAP,2020-04-07,10356.7
COL,COLCAP,2020-04-08,10332.89
COL,COLCAP,2020-04-09,10564.74
COL,COLCAP,2020-04-14,10696.56
COL,COLCAP,2020-04-15,10279.76
COL,COLCAP,2020-04-16,10301.54
COL,COLCAP,2020-04-17,10625.78
COL,COLCAP,2020-04-20,10675.9
COL,COLCAP,2020-04-21,10249.85
COL,COLCAP,2020-04-22,10415.03
COL,COLCAP,2020-04-23,10513.79
COL,COLCAP,2020-04-24,10336.09
COL,COLCAP,2020-04-27,10659.99
COL,COLCAP,2020-04-28,10795.63
COL,COLCAP,2020-04-29,11107.74
COL,COLCAP,2020-04-30,10861.64
COL,COLCAP,2020-05-04,10466.8
COL,COLCAP,2020-05-05,10729.46
COL,COLCAP,2020-05-06,10606.2
COL,COLCAP,2020-05-07,10759.27
COL,COLCAP,2020-05-08,10904.48
COL,COLCAP,2020-05-11,10824.99
COL,COLCAP,2020-05-12,10819.5
COL,COLCAP,2020-05-13,10542.66
COL,COLCAP,2020-05-14,10337.02
COL,COLCAP,2020-05-15,10465.17
COL,COLCAP,2020-05-18,11058.87
COL,COLCAP,2020-05-19,11075.29
COL,COLCAP,2020-05-20,11223.71
COL,COLCAP,2020-05-21,11065.93
COL,COLCAP,2020-05-22,11073.87
COL,COLCAP,2020-05-25,11391.28
COL,COLCAP,2020-05-26,11504.65
COL,COLCAP,2020-05-27,11657.69
COL,COLCAP,2020-05-28,11781.13
COL,COLCAP,2020-05-29,11586.85
COL,COLCAP,2020-06-02,12021.28
COL,COLCAP,2020-06-03,12487.36
COL,COLCAP,2020-06-04,12430.56
COL,COLCAP,2020-06-05,12847.68
COL,COLCAP,2020-06-08,12819.59
COL,COLCAP,2020-06-09,12617.99
COL,COLCAP,2020-06-10,12530.16
COL,COLCAP,2020-06-11,11970.29
COL,COLCAP,2020-06-12,11949.28
COL,COLCAP,2020-06-15,11911.35
COL,COLCAP,2020-06-16,12315.66
COL,COLCAP,2020-06-17,12382.14
COL,COLCAP,2020-06-18,12281.53
COL,COLCAP,2020-06-19,12330.76
COL,COLCAP,2020-06-22,12262.97
COL,COLCAP,2020-06-23,12523.76
COL,COLCAP,2020-06-24,12093.94
COL,COLCAP,2020-06-25,12177.87
COL,COLCAP,2020-06-26,12089.39
COL,COLCAP,2020-06-29,12232.12
COL,COLCAP,2020-06-30,12310.93
COL,COLCAP,2020-07-01,12260.57
COL,COLCAP,2020-07-02,12608.46
COL,COLCAP,2020-07-03,12528.18
COL,COLCAP,2020-07-06,12733.45
COL,COLCAP,2020-07-07,12616.8
COL,COLCAP,2020-07-08,12494.81
COL,COLCAP,2020-07-09,12489.46
COL,COLCAP,2020-07-10,12633.71
COL,COLCAP,2020-07-13,12799.97
COL,COLCAP,2020-07-14,12697.36
COL,COLCAP,2020-07-15,12930.98
COL,COLCAP,2020-07-16,12874.97
COL,COLCAP,2020-07-17,12919.61
COL,COLCAP,2020-07-20,13046.92
COL,COLCAP,2020-07-21,13171.83
COL,COLCAP,2020-07-22,13104.25
COL,COLCAP,2020-07-23,13103.39
COL,COLCAP,2020-07-24,12838.06
COL,COLCAP,2020-07-27,12838.66
COL,COLCAP,2020-07-28,12835.28
COL,COLCAP,2020-07-29,12822.26
COL,COLCAP,2020-07-30,12379.65
COL,COLCAP,2020-07-31,12313.36
COL,COLCAP,2020-08-03,12646.98
COL,COLCAP,2020-08-04,12600.87
COL,COLCAP,2020-08-05,12660.25
COL,COLCAP,2020-08-06,12591.68
COL,COLCAP,2020-08-07,12674.88
COL,COLCAP,2020-08-10,12687.53
COL,COLCAP,2020-08-11,12946.89
COL,COLCAP,2020-08-12,13058.63
COL,COLCAP,2020-08-13,12993.71
COL,COLCAP,2020-08-14,12901.34
COL,COLCAP,2020-08-17,12920.66
COL,COLCAP,2020-08-18,12881.76
COL,COLCAP,2020-08-19,12977.33
COL,COLCAP,2020-08-20,12830.0
COL,COLCAP,2020-08-21,12764.8
COL,COLCAP,2020-08-24,13066.54
COL,COLCAP,2020-08-25,13061.62
COL,COLCAP,2020-08-26,13190.15
COL,COLCAP,2020-08-27,13096.36
COL,COLCAP,2020-08-28,13033.2
COL,COLCAP,2020-08-31,12945.38
COL,COLCAP,2020-09-01,12974.25
COL,COLCAP,2020-09-02,13243.43
COL,COLCAP,2020-09-03,13057.77
COL,COLCAP,2020-09-04,12842.66
COL,COLCAP,2020-09-07,13100.28
COL,COLCAP,2020-09-08,12968.33
COL,COLCAP,2020-09-09,13237.21
COL,COLCAP,2020-09-10,13208.89
COL,COLCAP,2020-09-11,13202.84
COL,COLCAP,2020-09-14,13193.66
COL,COLCAP,2020-09-15,13217.67
COL,COLCAP,2020-09-16,13255.37
COL,COLCAP,2020-09-17,13208.12
FRA,CAC,2019-12-30,13249.01
FRA,CAC,2020-01-02,13385.93
FRA,CAC,2020-01-03,13219.14
FRA,CAC,2020-01-06,13126.99
FRA,CAC,2020-01-07,13226.83
FRA,CAC,2020-01-08,13320.18
FRA,CAC,2020-01-09,13495.06
FRA,CAC,2020-01-10,13483.31
FRA,CAC,2020-01-13,13451.52
FRA,CAC,2020-01-14,13456.49
FRA,CAC,2020-01-15,13432.3
FRA,CAC,2020-01-16,13429.43
FRA,CAC,2020-01-17,13526.13
FRA,CAC,2020-01-20,13548.94
FRA,CAC,2020-01-21,13555.87
FRA,CAC,2020-01-22,13515.75
FRA,CAC,2020-01-23,13388.42
FRA,CAC,2020-01-24,13576.68
FRA,CAC,2020-01-27,13204.77
FRA,CAC,2020-01-28,13323.69
FRA,CAC,2020-01-29,13345.0
FRA,CAC,2020-01-30,13157.12
FRA,CAC,2020-01-31,12981.97
FRA,CAC,2020-02-03,13045.19
FRA,CAC,2020-02-04,13281.74
FRA,CAC,2020-02-05,13478.33
FRA,CAC,2020-02-06,13574.82
FRA,CAC,2020-02-07,13513.81
FRA,CAC,2020-02-10,13494.03
FRA,CAC,2020-02-11,13627.84
FRA,CAC,2020-02-12,13749.78
FRA,CAC,2020-02-13,13745.43
FRA,CAC,2020-02-14,13744.21
FRA,CAC,2020-02-17,13783.89
FRA,CAC,2020-02-18,13681.19
FRA,CAC,2020-02-19,13789.0
FRA,CAC,2020-02-20,13664.0
FRA,CAC,2020-02-21,13579.33
FRA,CAC,2020-02-24,13035.24
FRA,CAC,2020-02-25,12790.49
FRA,CAC,2020-02-26,12774.88
FRA,CAC,2020-02-27,12367.46
FRA,CAC,2020-02-28,11890.35
FRA,CAC,2020-03-02,11857.87
FRA,CAC,2020-03-03,11985.39
FRA,CAC,2020-03-04,12127.69
FRA,CAC,2020-03-05,11944.72
FRA,CAC,2020-03-06,11541.87
FRA,CAC,2020-03-09,10625.02
FRA,CAC,2020-03-10,10475.49
FRA,CAC,2020-03-11,10438.68
FRA,CAC,2020-03-12,9161.13
FRA,CAC,2020-03-13,9232.08
FRA,CAC,2020-03-16,8742.25
FRA,CAC,2020-03-17,8939.1
FRA,CAC,2020-03-18,8441.71
FRA,CAC,2020-03-19,8610.43
FRA,CAC,2020-03-20,8928.95
FRA,CAC,2020-03-23,8741.15
FRA,CAC,2020-03-24,9700.57
FRA,CAC,2020-03-25,9874.26
FRA,CAC,2020-03-26,10000.96
FRA,CAC,2020-03-27,9632.52
FRA,CAC,2020-03-30,9815.97
FRA,CAC,2020-03-31,9935.84
FRA,CAC,2020-04-01,9544.75
FRA,CAC,2020-04-02,9570.82
FRA,CAC,2020-04-03,9525.77
FRA,CAC,2020-04-06,10075.17
FRA,CAC,2020-04-07,10356.7
FRA,CAC,2020-04-08,10332.89
FRA,CAC,2020-04-09,10564.74
FRA,CAC,2020-04-14,10696.56
FRA,CAC,2020-04-15,10279.76
FRA,CAC,2020-04-16,10301.54
FRA,CAC,2020-04-17,10625.78
FRA,CAC,2020-04-20,10675.9
FRA,CAC,2020-04-21,10249.85
FRA,CAC,2020-04-22,10415.03
FRA,CAC,2020-04-23,10513.79
FRA,CAC,2020-04-24,10336.09
FRA,CAC,2020-04-27,10659.99
FRA,CAC,2020-04-28,10795.63
FRA,CAC,2020-04-29,11107.74
FRA,CAC,2020-04-30,10861.64
FRA,CAC,2020-05-04,10466.8
FRA,CAC,2020-05-05,10729.46
FRA,CAC,2020-05-06,10606.2
FRA,CAC,2020-05-07,10759.27
FRA,CAC,2020-05-08,10904.48
FRA,CAC,2020-05-11,10824.99
FRA,CAC,2020-05-12,10819.5
FRA,CAC,2020-05-13,10542.66
FRA,CAC,2020-05-14,10337.02
FRA,CAC,2020-05-15,10465.17
FRA,CAC,2020-05-18,11058.87
FRA,CAC,2020-05-19,11075.29
FRA,CAC,2020-05-20,11223.71
FRA,CAC,2020-05-21,11065.93
FRA,CAC,2020-05-22,11073.87
FRA,CAC,2020-05-25,11391.28
FRA,CAC,2020-05-26,11504.65
FRA,CAC,2020-05-27,11657.69
FRA,CAC,2020-05-28,11781.13
FRA,CAC,2020-05-29,11586.85
FRA,CAC,2020-06-02,12021.28
FRA,CAC,2020-06-03,12487.36
FRA,CAC,2020-06-04,12430.56
FRA,CAC,2020-06-05,12847.68
FRA,CAC,2020-06-08,12819.59
FRA,CAC,2020-06-09,12617.99
FRA,CAC,2020-06-10,12530.16
FRA,CAC,2020-06-11,11970.29
FRA,CAC,2020-06-12,11949.28
FRA,CAC,2020-06-15,11911.35
FRA,CAC,2020-06-16,12315.66
FRA,CAC,2020-06-17,12382.14
FRA,CAC,2020-06-18,12281.53
FRA,CAC,2020-06-19,12330.76
FRA,CAC,2020-06-22,12262.97
FRA,CAC,2020-06-23,12523.76
FRA,CAC,2020-06-24,12093.94
FRA,CAC,2020-06-25,12177.87
FRA,CAC,2020-06-26,12089.39
FRA,CAC,2020-06-29,12232.12
FRA,CAC,2020-06-30,12310.93
FRA,CAC,2020-07-01,12260.57
FRA,CAC,2020-07-02,12608.46
FRA,CAC,2020-07-03,12528.18
FRA,CAC,2020-07-06,12733.45
FRA,CAC,2020-07-07,12616.8
FRA,CAC,2020-07-08,12494.81
FRA,CAC,2020-07-09,12489.46
FRA,CAC,2020-07-10,12633.71
FRA,CAC,2020-07-13,12799.97
FRA,CAC,2020-07-14,12697.36
FRA,CAC,2020-07-15,12930.98
FRA,CAC,2020-07-16,12874.97
FRA,CAC,2020-07-17,12919.61
FRA,CAC,2020-07-20,13046.92
FRA,CAC,2020-07-21,13171.83
FRA,CAC,2020-07-22,13104.25
FRA,CAC,2020-07-23,13103.39
FRA,CAC,2020-07-24,12838.06
FRA,CAC,2020-07-27,12838.66
FRA,CAC,2020-07-28,12835.28
FRA,CAC,2020-07-29,12822.26
FRA,CAC,2020-07-30,12379.65
FRA,CAC,2020-07-31,12313.36
FRA,CAC,2020-08-03,12646.98
FRA,CAC,2020-08-04,12600.87
FRA,CAC,2020-08-05,12660.25
FRA,CAC,2020-08-06,12591.68
FRA,CAC,2020-08-07,12674.88
FRA,CAC,2020-08-10,12687.53
FRA,CAC,2020-08-11,12946.89
FRA,CAC,2020-08-12,13058.63
FRA,CAC,2020-08-13,12993.71
FRA,CAC,2020-08-14,12901.34
FRA,CAC,2020-08-17,12920.66
FRA,CAC,2020-08-18,12881.76
FRA,CAC,2020-08-19,12977.33
FRA,CAC,2020-08-20,12830.0
FRA,CAC,2020-08-21,12764.8
FRA,CAC,2020-08-24,13066.54
FRA,CAC,2020-08-25,13061.62
FRA,CAC,2020-08-26,13190.15
FRA,CAC,2020-08-27,13096.36
FRA,CAC,2020-08-28,13033.2
FRA,CAC,2020-08-31,12945.38
FRA,CAC,2020-09-01,12974.25
FRA,CAC,2020-09-02,13243.43
FRA,CAC,2020-09-03,13057.77
FRA,CAC,2020-09-04,12842.66
FRA,CAC,2020-09-07,13100.28
FRA,CAC,2020-09-08,12968.33
FRA,CAC,2020-09-09,13237.21
FRA,CAC,2020-09-10,13208.89
FRA,CAC,2020-09-11,13202.84
FRA,CAC,2020-09-14,13193.66
FRA,CAC,2020-09-15,13217.67
FRA,CAC,2020-09-16,13255.37
FRA,CAC,2020-09-17,13208.12
DEU,DAX,2019-12-30,13249.01
DEU,DAX,2020-01-02,13385.93
DEU,DAX,2020-01-03,13219.14
DEU,DAX,2020-01-06,13126.99
DEU,DAX,2020-01-07,13226.83
DEU,DAX,2020-01-08,13320.18
DEU,DAX,2020-01-09,13495.06
DEU,DAX,2020-01-10,13483.31
DEU,DAX,2020-01-13,13451.52
DEU,DAX,2020-01-14,13456.49
DEU,DAX,2020-01-15,13432.3
DEU,DAX,2020-01-16,13429.43
DEU,DAX,2020-01-17,13526.13
DEU,DAX,2020-01-20,13548.94
DEU,DAX,2020-01-21,13555.87
DEU,DAX,2020-01-22,13515.75
DEU,DAX,2020-01-23,13388.42
DEU,DAX,2020-01-24,13576.68
DEU,DAX,2020-01-27,13204.77
DEU,DAX,2020-01-28,13323.69
DEU,DAX,2020-01-29,13345.0
DEU,DAX,2020-01-30,13157.12
DEU,DAX,2020-01-31,12981.97
DEU,DAX,2020-02-03,13045.19
DEU,DAX,2020-02-04,13281.74
DEU,DAX,2020-02-05,13478.33
DEU,DAX,2020-02-06,13574.82
DEU,DAX,2020-02-07,13513.81
DEU,DAX,2020-02-10,13494.03
DEU,DAX,2020-02-11,13627.84
DEU,DAX,2020-02-12,13749.78
DEU,DAX,2020-02-13,13745.43
DEU,DAX,2020-02-14,13744.21
DEU,DAX,2020-02-17,13783.89
DEU,DAX,2020-02-18,13681.19
DEU,DAX,2020-02-19,13789.0
DEU,DAX,2020-02-20,13664.0
DEU,DAX,2020-02-21,13579.33
DEU,DAX,2020-02-24,13035.24
DEU,DAX,2020-02-25,12790.49
DEU,DAX,2020-02-26,12774.88
DEU,DAX,2020-02-27,12367.46
DEU,DAX,2020-02-28,11890.35
DEU,DAX,2020-03-02,11857.87
DEU,DAX,2020-03-03,11985.39
DEU,DAX,2020-03-04,12127.69
DEU,DAX,2020-03-05,11944.72
DEU,DAX,2020-03-06,11541.87
DEU,DAX,2020-03-09,10625.02
DEU,DAX,2020-03-10,10475.49
DEU,DAX,2020-03-11,10438.68
DEU,DAX,2020-03-12,9161.13
DEU,DAX,2020-03-13,9232.08
DEU,DAX,2020-03-16,8742.25
DEU,DAX,2020-03-17,8939.1
DEU,DAX,2020-03-18,8441.71
DEU,DAX,2020-03-19,8610.43
DEU,DAX,2020-03-20,8928.95
DEU,DAX,2020-03-23,8741.15
DEU,DAX,2020-03-24,9700.57
DEU,DAX,2020-03-25,9874.26
DEU,DAX,2020-03-26,10000.96
DEU,DAX,2020-03-27,9632.52
DEU,DAX,2020-03-30,9815.97
DEU,DAX,2020-03-31,9935.84
DEU,DAX,2020-04-01,9544.75
DEU,DAX,2020-04-02,9570.82
DEU,DAX,2020-04-03,9525.77
DEU,DAX,2020-04-06,10075.17
DEU,DAX,2020-04-07,10356.7
DEU,DAX,2020-04-08,10332.89
DEU,DAX,2020-04-09,10564.74
DEU,DAX,2020-04-14,10696.56
DEU,DAX,2020-04-15,10279.76
DEU,DAX,2020-04-16,10301.54
DEU,DAX,2020-04-17,10625.78
DEU,DAX,2020-04-20,10675.9
DEU,DAX,2020-04-21,10249.85
DEU,DAX,2020-04-22,10415.03
DEU,DAX,2020-04-23,10513.79
DEU,DAX,2020-04-24,10336.09
DEU,DAX,2020-04-27,10659.99
DEU,DAX,2020-04-28,10795.63
DEU,DAX,2020-04-29,11107.74
DEU,DAX,2020-04-30,10861.64
DEU,DAX,2020-05-04,10466.8
DEU,DAX,2020-05-05,10729.46
DEU,DAX,2020-05-06,10606.2
DEU,DAX,2020-05-07,10759.27
DEU,DAX,2020-05-08,10904.48
DEU,DAX,2020-05-11,10824.99
DEU,DAX,2020-05-12,10819.5
DEU,DAX,2020-05-13,10542.66
DEU,DAX,2020-05-14,10337.02
DEU,DAX,2020-05-15,10465.17
DEU,DAX,2020-05-18,11058.87
DEU,DAX,2020-05-19,11075.29
DEU,DAX,2020-05-20,11223.71
DEU,DAX,2020-05-21,11065.93
DEU,DAX,2020-05-22,11073.87
DEU,DAX,2020-05-25,11391.28
DEU,DAX,2020-05-26,11504.65
DEU,DAX,2020-05-27,11657.69
DEU,DAX,2020-05-28,11781.13
DEU,DAX,2020-05-29,11586.85
DEU,DAX,2020-06-02,12021.28
DEU,DAX,2020-06-03,12487.36
DEU,DAX,2020-06-04,12430.56
DEU,DAX,2020-06-05,12847.68
DEU,DAX,2020-06-08,12819.59
DEU,DAX,2020-06-09,12617.99
DEU,DAX,2020-06-10,12530.16
DEU,DAX,2020-06-11,11970.29
DEU,DAX,2020-06-12,11949.28
DEU,DAX,2020-06-15,11911.35
DEU,DAX,2020-06-16,12315.66
DEU,DAX,2020-06-17,12382.14
DEU,DAX,2020-06-18,12281.53
DEU,DAX,2020-06-19,12330.76
DEU,DAX,2020-06-22,12262.97
DEU,DAX,2020-06-23,12523.76
DEU,DAX,2020-06-24,12093.94
DEU,DAX,2020-06-25,12177.87
DEU,DAX,2020-06-26,12089.39
DEU,DAX,2020-06-29,12232.12
DEU,DAX,2020-06-30,12310.93
DEU,DAX,2020-07-01,12260.57
DEU,DAX,2020-07-02,12608.46
DEU,DAX,2020-07-03,12528.18
DEU,DAX,2020-07-06,12733.45
DEU,DAX,2020-07-07,12616.8
DEU,DAX,2020-07-08,12494.81
DEU,DAX,2020-07-09,12489.46
DEU,DAX,2020-07-10,12633.71
DEU,DAX,2020-07-13,12799.97
DEU,DAX,2020-07-14,12697.36
DEU,DAX,2020-07-15,12930.98
DEU,DAX,2020-07-16,12874.97
DEU,DAX,2020-07-17,12919.61
DEU,DAX,2020-07-20,13046.92
DEU,DAX,2020-07-21,13171.83
DEU,DAX,2020-07-22,13104.25
DEU,DAX,2020-07-23,13103.39
DEU,DAX,2020-07-24,12838.06
DEU,DAX,2020-07-27,12838.66
DEU,DAX,2020-07-28,12835.28
DEU,DAX,2020-07-29,12822.26
DEU,DAX,2020-07-30,12379.65
DEU,DAX,2020-07-31,12313.36
DEU,DAX,2020-08-03,12646.98
DEU,DAX,2020-08-04,12600.87
DEU,DAX,2020-08-05,12660.25
DEU,DAX,2020-08-06,12591.68
DEU,DAX,2020-08-07,12674.88
DEU,DAX,2020-08-10,12687.53
DEU,DAX,2020-08-11,12946.89
DEU,DAX,2020-08-12,13058.63
DEU,DAX,2020-08-13,12993.71
DEU,DAX,2020-08-14,12901.34
DEU,DAX,2020-08-17,12920.66
DEU,DAX,2020-08-18,12881.76
DEU,DAX,2020-08-19,12977.33
DEU,DAX,2020-08-20,12830.0
DEU,DAX,2020-08-21,12764.8
DEU,DAX,2020-08-24,13066.54
DEU,DAX,2020-08-25,13061.62
DEU,DAX,2020-08-26,13190.15
DEU,DAX,2020-08-27,13096.36
DEU,DAX,2020-08-28,13033.2
DEU,DAX,2020-08-31,12945.38
DEU,DAX,2020-09-01,12974.25
DEU,DAX,2020-09-02,13243.43
DEU,DAX,2020-09-03,13057.77
DEU,DAX,2020-09-04,12842.66
DEU,DAX,2020-09-07,13100.28
DEU,DAX,2020-09-08,12968.33
DEU,DAX,2020-09-09,13237.21
DEU,DAX,2020-09-10,13208.89
DEU,DAX,2020-09-11,13202.84
DEU,DAX,2020-09-14,13193.66
DEU,DAX,2020-09-15,13217.67
DEU,DAX,2020-09-16,13255.37
DEU,DAX,2020-09-17,13208.12
IND,BSESN,2019-12-30,13249.01
IND,BSESN,2020-01-02,13385.93
IND,BSESN,2020-01-03,13219.14
IND,BSESN,2020-01-06,13126.99
IND,BSESN,2020-01-07,13226.83
IND,BSESN,2020-01-08,13320.18
IND,BSESN,2020-01-09,13495.06
IND,BSESN,2020-01-10,13483.31
IND,BSESN,2020-01-13,13451.52
IND,BSESN,2020-01-14,13456.49
IND,BSESN,2020-01-15,13432.3
IND,BSESN,2020-01-16,13429.43
IND,BSESN,2020-01-17,13526.13
IND,BSESN,2020-01-20,13548.94
IND,BSESN,2020-01-21,13555.87
IND,BSESN,2020-01-22,13515.75
IND,BSESN,2020-01-23,13388.42
IND,BSESN,2020-01-24,13576.68
IND,BSESN,2020-01-27,13204.77
IND,BSESN,2020-01-28,13323.69
IND,BSESN,2020-01-29,13345.0
IND,BSESN,2020-01-30,13157.12
IND,BSESN,2020-01-31,12981.97
IND,BSESN,2020-02-03,13045.19
IND,BSESN,2020-02-04,13281.74
IND,BSESN,2020-02-05,13478.33
IND,BSESN,2020-02-06,13574.82
IND,BSESN,2020-02-07,13513.81
IND,BSESN,2020-02-10,13494.03
IND,BSESN,2020-02-11,13627.84
IND,BSESN,2020-02-12,13749.78
IND,BSESN,2020-02-13,13745.43
IND,BSESN,2020-02-14,13744.21
IND,BSESN,2020-02-17,13783.89
IND,BSESN,2020-02-18,13681.19
IND,BSESN,2020-02-19,13789.0
IND,BSESN,2020-02-20,13664.0
IND,BSESN,2020-02-21,13579.33
IND,BSESN,2020-02-24,13035.24
IND,BSESN,2020-02-25,12790.49
IND,BSESN,2020-02-26,12774.88
IND,BSESN,2020-02-27,12367.46
IND,BSESN,2020-02-28,11890.35
IND,BSESN,2020-03-02,11857.87
IND,BSESN,2020-03-03,11985.39
IND,BSESN,2020-03-04,12127.69
IND,BSESN,2020-03-05,11944.72
IND,BSESN,2020-03-06,11541.87
IND,BSESN,2020-03-09,10625.02
IND,BSESN,2020-03-10,10475.49
IND,BSESN,2020-03-11,10438.68
IND,BSESN,2020-03-12,9161.13
IND,BSESN,2020-03-13,9232.08
IND,BSESN,2020-03-16,8742.25
IND,BSESN,2020-03-17,8939.1
IND,BSESN,2020-03-18,8441.71
IND,BSESN,2020-03-19,8610.43
IND,BSESN,2020-03-20,8928.95
IND,BSESN,2020-03-23,8741.15
IND,BSESN,2020-03-24,9700.57
IND,BSESN,2020-03-25,9874.26
IND,BSESN,2020-03-26,10000.96
IND,BSESN,2020-03-27,9632.52
IND,BSESN,2020-03-30,9815.97
IND,BSESN,2020-03-31,9935.84
IND,BSESN,2020-04-01,9544.75
IND,BSESN,2020-04-02,9570.82
IND,BSESN,2020-04-03,9525.77
IND,BSESN,2020-04-06,10075.17
IND,BSESN,2020-04-07,10356.7
IND,BSESN,2020-04-08,10332.89
IND,BSESN,2020-04-09,10564.74
IND,BSESN,2020-04-14,10696.56
IND,BSESN,2020-04-15,10279.76
IND,BSESN,2020-04-16,10301.54
IND,BSESN,2020-04-17,10625.78
IND,BSESN,2020-04-20,10675.9
IND,BSESN,2020-04-21,10249.85
IND,BSESN,2020-04-22,10415.03
IND,BSESN,2020-04-23,10513.79
IND,BSESN,2020-04-24,10336.09
IND,BSESN,2020-04-27,10659.99
IND,BSESN,2020-04-28,10795.63
IND,BSESN,2020-04-29,11107.74
IND,BSESN,2020-04-30,10861.64
IND,BSESN,2020-05-04,10466.8
IND,BSESN,2020-05-05,10729.46
IND,BSESN,2020-05-06,10606.2
IND,BSESN,2020-05-07,10759.27
IND,BSESN,2020-05-08,10904.48
IND,BSESN,2020-05-11,10824.99
IND,BSESN,2020-05-12,10819.5
IND,BSESN,2020-05-13,10542.66
IND,BSESN,2020-05-14,10337.02
IND,BSESN,2020-05-15,10465.17
IND,BSESN,2020-05-18,11058.87
IND,BSESN,2020-05-19,11075.29
IND,BSESN,2020-05-20,11223.71
IND,BSESN,2020-05-21,11065.93
IND,BSESN,2020-05-22,11073.87
IND,BSESN,2020-05-25,11391.28
IND,BSESN,2020-05-26,11504.65
IND,BSESN,2020-05-27,11657.69
IND,BSESN,2020-05-28,11781.13
IND,BSESN,2020-05-29,11586.85
IND,BSESN,2020-06-02,12021.28
IND,BSESN,2020-06-03,12487.36
IND,BSESN,2020-06-04,12430.56
IND,BSESN,2020-06-05,12847.68
IND,BSESN,2020-06-08,12819.59
IND,BSESN,2020-06-09,12617.99
IND,BSESN,2020-06-10,12530.16
IND,BSESN,2020-06-11,11970.29
IND,BSESN,2020-06-12,11949.28
IND,BSESN,2020-06-15,11911.35
IND,BSESN,2020-06-16,12315.66
IND,BSESN,2020-06-17,12382.14
IND,BSESN,2020-06-18,12281.53
IND,BSESN,2020-06-19,12330.76
IND,BSESN,2020-06-22,12262.97
IND,BSESN,2020-06-23,12523.76
IND,BSESN,2020-06-24,12093.94
IND,BSESN,2020-06-25,12177.87
IND,BSESN,2020-06-26,12089.39
IND,BSESN,2020-06-29,12232.12
IND,BSESN,2020-06-30,12310.93
IND,BSESN,2020-07-01,12260.57
IND,BSESN,2020-07-02,12608.46
IND,BSESN,2020-07-03,12528.18
IND,BSESN,2020-07-06,12733.45
IND,BSESN,2020-07-07,12616.8
IND,BSESN,2020-07-08,12494.81
IND,BSESN,2020-07-09,12489.46
IND,BSESN,2020-07-10,12633.71
IND,BSESN,2020-07-13,12799.97
IND,BSESN,2020-07-14,12697.36
IND,BSESN,2020-07-15,12930.98
IND,BSESN,2020-07-16,12874.97
IND,BSESN,2020-07-17,12919.61
IND,BSESN,2020-07-20,13046.92
IND,BSESN,2020-07-21,13171.83
IND,BSESN,2020-07-22,13104.25
IND,BSESN,2020-07-23,13103.39
IND,BSESN,2020-07-24,12838.06
IND,BSESN,2020-07-27,12838.66
IND,BSESN,2020-07-28,12835.28
IND,BSESN,2020-07-29,12822.26
IND,BSESN,2020-07-30,12379.65
IND,BSESN,2020-07-31,12313.36
IND,BSESN,2020-08-03,12646.98
IND,BSESN,2020-08-04,12600.87
IND,BSESN,2020-08-05,12660.25
IND,BSESN,2020-08-06,12591.68
IND,BSESN,2020-08-07,12674.88
IND,BSESN,2020-08-10,12687.53
IND,BSESN,2020-08-11,12946.89
IND,BSESN,2020-08-12,13058.63
IND,BSESN,2020-08-13,12993.71
IND,BSESN,2020-08-14,12901.34
IND,BSESN,2020-08-17,12920.66
IND,BSESN,2020-08-18,12881.76
IND,BSESN,2020-08-19,12977.33
IND,BSESN,2020-08-20,12830.0
IND,BSESN,2020-08-21,12764.8
IND,BSESN,2020-08-24,13066.54
IND,BSESN,2020-08-25,13061.62
IND,BSESN,2020-08-26,13190.15
IND,BSESN,2020-08-27,13096.36
IND,BSESN,2020-08-28,13033.2
IND,BSESN,2020-08-31,12945.38
IND,BSESN,2020-09-01,12974.25
IND,BSESN,2020-09-02,13243.43
IND,BSESN,2020-09-03,13057.77
IND,BSESN,2020-09-04,12842.66
IND,BSESN,2020-09-07,13100.28
IND,BSESN,2020-09-08,12968.33
IND,BSESN,2020-09-09,13237.21
IND,BSESN,2020-09-10,13208.89
IND,BSESN,2020-09-11,13202.84
IND,BSESN,2020-09-14,13193.66
IND,BSESN,2020-09-15,13217.67
IND,BSESN,2020-09-16,13255.37
IND,BSESN,2020-09-17,13208.12
ITA,FTSEMIB,2019-12-30,13249.01
ITA,FTSEMIB,2020-01-02,13385.93
ITA,FTSEMIB,2020-01-03,13219.14
ITA,FTSEMIB,2020-01-06,13126.99
ITA,FTSEMIB,2020-01-07,13226.83
ITA,FTSEMIB,2020-01-08,13320.18
ITA,FTSEMIB,2020-01-09,13495.06
ITA,FTSEMIB,2020-01-10,13483.31
ITA,FTSEMIB,2020-01-13,13451.52
ITA,FTSEMIB,2020-01-14,13456.49
ITA,FTSEMIB,2020-01-15,13432.3
ITA,FTSEMIB,2020-01-16,13429.43
ITA,FTSEMIB,2020-01-17,13526.13
ITA,FTSEMIB,2020-01-20,13548.94
ITA,FTSEMIB,2020-01-21,13555.87
ITA,FTSEMIB,2020-01-22,13515.75
ITA,FTSEMIB,2020-01-23,13388.42
ITA,FTSEMIB,2020-01-24,13576.68
ITA,FTSEMIB,2020-01-27,13204.77
ITA,FTSEMIB,2020-01-28,13323.69
ITA,FTSEMIB,2020-01-29,13345.0
ITA,FTSEMIB,2020-01-30,13157.12
ITA,FTSEMIB,2020-01-31,12981.97
ITA,FTSEMIB,2020-02-03,13045.19
ITA,FTSEMIB,2020-02-04,13281.74
ITA,FTSEMIB,2020-02-05,13478.33
ITA,FTSEMIB,2020-02-06,13574.82
ITA,FTSEMIB,2020-02-07,13513.81
ITA,FTSEMIB,2020-02-10,13494.03
ITA,FTSEMIB,2020-02-11,13627.84
ITA,FTSEMIB,2020-02-12,13749.78
ITA,FTSEMIB,2020-02-13,13745.43
ITA,FTSEMIB,2020-02-14,13744.21
ITA,FTSEMIB,2020-02-17,13783.89
ITA,FTSEMIB,2020-02-18,13681.19
ITA,FTSEMIB,2020-02-19,13789.0
ITA,FTSEMIB,2020-02-20,13664.0
ITA,FTSEMIB,2020-02-21,13579.33
ITA,FTSEMIB,2020-02-24,13035.24
ITA,FTSEMIB,2020-02-25,12790.49
ITA,FTSEMIB,2020-02-26,12774.88
ITA,FTSEMIB,2020-02-27,12367.46
ITA,FTSEMIB,2020-02-28,11890.35
ITA,FTSEMIB,2020-03-02,11857.87
ITA,FTSEMIB,2020-03-03,11985.39
ITA,FTSEMIB,2020-03-04,12127.69
ITA,FTSEMIB,2020-03-05,11944.72
ITA,FTSEMIB,2020-03-06,11541.87
ITA,FTSEMIB,2020-03-09,10625.02
ITA,FTSEMIB,2020-03-10,10475.49
ITA,FTSEMIB,2020-03-11,10438.68
ITA,FTSEMIB,2020-03-12,9161.13
ITA,FTSEMIB,2020-03-13,9232.08
ITA,FTSEMIB,2020-03-16,8742.25
ITA,FTSEMIB,2020-03-17,8939.1
ITA,FTSEMIB,2020-03-18,8441.71
ITA,FTSEMIB,2020-03-19,8610.43
ITA,FTSEMIB,2020-03-20,8928.95
ITA,FTSEMIB,2020-03-23,8741.15
ITA,FTSEMIB,2020-03-24,9700.57
ITA,FTSEMIB,2020-03-25,9874.26
ITA,FTSEMIB,2020-03-26,10000.96
ITA,FTSEMIB,2020-03-27,9632.52
ITA,FTSEMIB,2020-03-30,9815.97
ITA,FTSEMIB,2020-03-31,9935.84
ITA,FTSEMIB,2020-04-01,9544.75
ITA,FTSEMIB,2020-04-02,9570.82
ITA,FTSEMIB,2020-04-03,9525.77
ITA,FTSEMIB,2020-04-06,10075.17
ITA,FTSEMIB,2020-04-07,10356.7
ITA,FTSEMIB,2020-04-08,10332.89
ITA,FTSEMIB,2020-04-09,10564.74
ITA,FTSEMIB,2020-04-14,10696.56
ITA,FTSEMIB,2020-04-15,10279.76
ITA,FTSEMIB,2020-04-16,10301.54
ITA,FTSEMIB,2020-04-17,10625.78
ITA,FTSEMIB,2020-04-20,10675.9
ITA,FTSEMIB,2020-04-21,10249.85
ITA,FTSEMIB,2020-04-22,10415.03
ITA,FTSEMIB,2020-04-23,10513.79
ITA,FTSEMIB,2020-04-24,10336.09
ITA,FTSEMIB,2020-04-27,10659.99
ITA,FTSEMIB,2020-04-28,10795.63
ITA,FTSEMIB,2020-04-29,11107.74
ITA,FTSEMIB,2020-04-30,10861.64
ITA,FTSEMIB,2020-05-04,10466.8
ITA,FTSEMIB,2020-05-05,10729.46
ITA,FTSEMIB,2020-05-06,10606.2
ITA,FTSEMIB,2020-05-07,10759.27
ITA,FTSEMIB,2020-05-08,10904.48
ITA,FTSEMIB,2020-05-11,10824.99
ITA,FTSEMIB,2020-05-12,10819.5
ITA,FTSEMIB,2020-05-13,10542.66
ITA,FTSEMIB,2020-05-14,10337.02
ITA,FTSEMIB,2020-05-15,10465.17
ITA,FTSEMIB,2020-05-18,11058.87
ITA,FTSEMIB,2020-05-19,11075.29
ITA,FTSEMIB,2020-05-20,11223.71
ITA,FTSEMIB,2020-05-21,11065.93
ITA,FTSEMIB,2020-05-22,11073.87
ITA,FTSEMIB,2020-05-25,11391.28
ITA,FTSEMIB,2020-05-26,11504.65
ITA,FTSEMIB,2020-05-27,11657.69
ITA,FTSEMIB,2020-05-28,11781.13
ITA,FTSEMIB,2020-05-29,11586.85
ITA,FTSEMIB,2020-06-02,12021.28
ITA,FTSEMIB,2020-06-03,12487.36
ITA,FTSEMIB,2020-06-04,12430.56
ITA,FTSEMIB,2020-06-05,12847.68
ITA,FTSEMIB,2020-06-08,12819.59
ITA,FTSEMIB,2020-06-09,12617.99
ITA,FTSEMIB,2020-06-10,12530.16
ITA,FTSEMIB,2020-06-11,11970.29
ITA,FTSEMIB,2020-06-12,11949.28
ITA,FTSEMIB,2020-06-15,11911.35
ITA,FTSEMIB,2020-06-16,12315.66
ITA,FTSEMIB,2020-06-17,12382.14
ITA,FTSEMIB,2020-06-18,12281.53
ITA,FTSEMIB,2020-06-19,12330.76
ITA,FTSEMIB,2020-06-22,12262.97
ITA,FTSEMIB,2020-06-23,12523.76
ITA,FTSEMIB,2020-06-24,12093.94
ITA,FTSEMIB,2020-06-25,12177.87
ITA,FTSEMIB,2020-06-26,12089.39
ITA,FTSEMIB,2020-06-29,12232.12
ITA,FTSEMIB,2020-06-30,12310.93
ITA,FTSEMIB,2020-07-01,12260.57
ITA,FTSEMIB,2020-07-02,12608.46
ITA,FTSEMIB,2020-07-03,12528.18
ITA,FTSEMIB,2020-07-06,12733.45
ITA,FTSEMIB,2020-07-07,12616.8
ITA,FTSEMIB,2020-07-08,12494.81
ITA,FTSEMIB,2020-07-09,12489.46
ITA,FTSEMIB,2020-07-10,12633.71
ITA,FTSEMIB,2020-07-13,12799.97
ITA,FTSEMIB,2020-07-14,12697.36
ITA,FTSEMIB,2020-07-15,12930.98
ITA,FTSEMIB,2020-07-16,12874.97
ITA,FTSEMIB,2020-07-17,12919.61
ITA,FTSEMIB,2020-07-20,13046.92
ITA,FTSEMIB,2020-07-21,13171.83
ITA,FTSEMIB,2020-07-22,13104.25
ITA,FTSEMIB,2020-07-23,13103.39
ITA,FTSEMIB,2020-07-24,12838.06
ITA,FTSEMIB,2020-07-27,12838.66
ITA,FTSEMIB,2020-07-28,12835.28
ITA,FTSEMIB,2020-07-29,12822.26
ITA,FTSEMIB,2020-07-30,12379.65
ITA,FTSEMIB,2020-07-31,12313.36
ITA,FTSEMIB,2020-08-03,12646.98
ITA,FTSEMIB,2020-08-04,12600.87
ITA,FTSEMIB,2020-08-05,12660.25
ITA,FTSEMIB,2020-08-06,12591.68
ITA,FTSEMIB,2020-08-07,12674.88
ITA,FTSEMIB,2020-08-10,12687.53
ITA,FTSEMIB,2020-08-11,12946.89
ITA,FTSEMIB,2020-08-12,13058.63
ITA,FTSEMIB,2020-08-13,12993.71
ITA,FTSEMIB,2020-08-14,12901.34
ITA,FTSEMIB,2020-08-17,12920.66
ITA,FTSEMIB,2020-08-18,12881.76
ITA,FTSEMIB,2020-08-19,12977.33
ITA,FTSEMIB,2020-08-20,12830.0
ITA,FTSEMIB,2020-08-21,12764.8
ITA,FTSEMIB,2020-08-24,13066.54
ITA,FTSEMIB,2020-08-25,13061.62
ITA,FTSEMIB,2020-08-26,13190.15
ITA,FTSEMIB,2020-08-27,13096.36
ITA,FTSEMIB,2020-08-28,13033.2
ITA,FTSEMIB,2020-08-31,12945.38
ITA,FTSEMIB,2020-09-01,12974.25
ITA,FTSEMIB,2020-09-02,13243.43
ITA,FTSEMIB,2020-09-03,13057.77
ITA,FTSEMIB,2020-09-04,12842.66
ITA,FTSEMIB,2020-09-07,13100.28
ITA,FTSEMIB,2020-09-08,12968.33
ITA,FTSEMIB,2020-09-09,13237.21
ITA,FTSEMIB,2020-09-10,13208.89
ITA,FTSEMIB,2020-09-11,13202.84
ITA,FTSEMIB,2020-09-14,13193.66
ITA,FTSEMIB,2020-09-15,13217.67
ITA,FTSEMIB,2020-09-16,13255.37
ITA,FTSEMIB,2020-09-17,13208.12
MEX,IPC,2019-12-30,13249.01
MEX,IPC,2020-01-02,13385.93
MEX,IPC,2020-01-03,13219.14
MEX,IPC,2020-01-06,13126.99
MEX,IPC,2020-01-07,13226.83
MEX,IPC,2020-01-08,13320.18
MEX,IPC,2020-01-09,13495.06
MEX,IPC,2020-01-10,13483.31
MEX,IPC,2020-01-13,13451.52
MEX,IPC,2020-01-14,13456.49
MEX,IPC,2020-01-15,13432.3
MEX,IPC,2020-01-16,13429.43
MEX,IPC,2020-01-17,13526.13
MEX,IPC,2020-01-20,13548.94
MEX,IPC,2020-01-21,13555.87
MEX,IPC,2020-01-22,13515.75
MEX,IPC,2020-01-23,13388.42
MEX,IPC,2020-01-24,13576.68
MEX,IPC,2020-01-27,13204.77
MEX,IPC,2020-01-28,13323.69
MEX,IPC,2020-01-29,13345.0
MEX,IPC,2020-01-30,13157.12
MEX,IPC,2020-01-31,12981.97
MEX,IPC,2020-02-03,13045.19
MEX,IPC,2020-02-04,13281.74
MEX,IPC,2020-02-05,13478.33
MEX,IPC,2020-02-06,13574.82
MEX,IPC,2020-02-07,13513.81
MEX,IPC,2020-02-10,13494.03
MEX,IPC,2020-02-11,13627.84
MEX,IPC,2020-02-12,13749.78
MEX,IPC,2020-02-13,13745.43
MEX,IPC,2020-02-14,13744.21
MEX,IPC,2020-02-17,13783.89
MEX,IPC,2020-02-18,13681.19
MEX,IPC,2020-02-19,13789.0
MEX,IPC,2020-02-20,13664.0
MEX,IPC,2020-02-21,13579.33
MEX,IPC,2020-02-24,13035.24
MEX,IPC,2020-02-25,12790.49
MEX,IPC,2020-02-26,12774.88
MEX,IPC,2020-02-27,12367.46
MEX,IPC,2020-02-28,11890.35
MEX,IPC,2020-03-02,11857.87
MEX,IPC,2020-03-03,11985.39
MEX,IPC,2020-03-04,12127.69
MEX,IPC,2020-03-05,11944.72
MEX,IPC,2020-03-06,11541.87
MEX,IPC,2020-03-09,10625.02
MEX,IPC,2020-03-10,10475.49
MEX,IPC,2020-03-11,10438.68
MEX,IPC,2020-03-12,9161.13
MEX,IPC,2020-03-13,9232.08
MEX,IPC,2020-03-16,8742.25
MEX,IPC,2020-03-17,8939.1
MEX,IPC,2020-03-18,8441.71
MEX,IPC,2020-03-19,8610.43
MEX,IPC,2020-03-20,8928.95
MEX,IPC,2020-03-23,8741.15
MEX,IPC,2020-03-24,9700.57
MEX,IPC,2020-03-25,9874.26
MEX,IPC,2020-03-26,10000.96
MEX,IPC,2020-03-27,9632.52
MEX,IPC,2020-03-30,9815.97
MEX,IPC,2020-03-31,9935.84
MEX,IPC,2020-04-01,9544.75
MEX,IPC,2020-04-02,9570.82
MEX,IPC,2020-04-03,9525.77
MEX,IPC,2020-04-06,10075.17
MEX,IPC,2020-04-07,10356.7
MEX,IPC,2020-04-08,10332.89
MEX,IPC,2020-04-09,10564.74
MEX,IPC,2020-04-14,10696.56
MEX,IPC,2020-04-15,10279.76
MEX,IPC,2020-04-16,10301.54
MEX,IPC,2020-04-17,10625.78
MEX,IPC,2020-04-20,10675.9
MEX,IPC,2020-04-21,10249.85
MEX,IPC,2020-04-22,10415.03
MEX,IPC,2020-04-23,10513.79
MEX,IPC,2020-04-24,10336.09
MEX,IPC,2020-04-27,10659.99
MEX,IPC,2020-04-28,10795.63
MEX,IPC,2020-04-29,11107.74
MEX,IPC,2020-04-30,10861.64
MEX,IPC,2020-05-04,10466.8
MEX,IPC,2020-05-05,10729.46
MEX,IPC,2020-05-06,10606.2
MEX,IPC,2020-05-07,10759.27
MEX,IPC,2020-05-08,10904.48
MEX,IPC,2020-05-11,10824.99
MEX,IPC,2020-05-12,10819.5
MEX,IPC,2020-05-13,10542.66
MEX,IPC,2020-05-14,10337.02
MEX,IPC,2020-05-15,10465.17
MEX,IPC,2020-05-18,11058.87
MEX,IPC,2020-05-19,11075.29
MEX,IPC,2020-05-20,11223.71
MEX,IPC,2020-05-21,11065.93
MEX,IPC,2020-05-22,11073.87
MEX,IPC,2020-05-25,11391.28
MEX,IPC,2020-05-26,11504.65
MEX,IPC,2020-05-27,11657.69
MEX,IPC,2020-05-28,11781.13
MEX,IPC,2020-05-29,11586.85
MEX,IPC,2020-06-02,12021.28
MEX,IPC,2020-06-03,12487.36
MEX,IPC,2020-06-04,12430.56
MEX,IPC,2020-06-05,12847.68
MEX,IPC,2020-06-08,12819.59
MEX,IPC,2020-06-09,12617.99
MEX,IPC,2020-06-10,12530.16
MEX,IPC,2020-06-11,11970.29
MEX,IPC,2020-06-12,11949.28
MEX,IPC,2020-06-15,11911.35
MEX,IPC,2020-06-16,12315.66
MEX,IPC,2020-06-17,12382.14
MEX,IPC,2020-06-18,12281.53
MEX,IPC,2020-06-19,12330.76
MEX,IPC,2020-06-22,12262.97
MEX,IPC,2020-06-23,12523.76
MEX,IPC,2020-06-24,12093.94
MEX,IPC,2020-06-25,12177.87
MEX,IPC,2020-06-26,12089.39
MEX,IPC,2020-06-29,12232.12
MEX,IPC,2020-06-30,12310.93
MEX,IPC,2020-07-01,12260.57
MEX,IPC,2020-07-02,12608.46
MEX,IPC,2020-07-03,12528.18
MEX,IPC,2020-07-06,12733.45
MEX,IPC,2020-07-07,12616.8
MEX,IPC,2020-07-08,12494.81
MEX,IPC,2020-07-09,12489.46
MEX,IPC,2020-07-10,12633.71
MEX,IPC,2020-07-13,12799.97
MEX,IPC,2020-07-14,12697.36
MEX,IPC,2020-07-15,12930.98
MEX,IPC,2020-07-16,12874.97
MEX,IPC,2020-07-17,12919.61
MEX,IPC,2020-07-20,13046.92
MEX,IPC,2020-07-21,13171.83
MEX,IPC,2020-07-22,13104.25
MEX,IPC,2020-07-23,13103.39
MEX,IPC,2020-07-24,12838.06
MEX,IPC,2020-07-27,12838.66
MEX,IPC,2020-07-28,12835.28
MEX,IPC,2020-07-29,12822.26
MEX,IPC,2020-07-30,12379.65
MEX,IPC,2020-07-31,12313.36
MEX,IPC,2020-08-03,12646.98
MEX,IPC,2020-08-04,12600.87
MEX,IPC,2020-08-05,12660.25
MEX,IPC,2020-08-06,12591.68
MEX,IPC,2020-08-07,12674.88
MEX,IPC,2020-08-10,12687.53
MEX,IPC,2020-08-11,12946.89
MEX,IPC,2020-08-12,13058.63
MEX,IPC,2020-08-13,12993.71
MEX,IPC,2020-08-14,12901.34
MEX,IPC,2020-08-17,12920.66
MEX,IPC,2020-08-18,12881.76
MEX,IPC,2020-08-19,12977.33
MEX,IPC,2020-08-20,12830.0
MEX,IPC,2020-08-21,12764.8
MEX,IPC,2020-08-24,13066.54
MEX,IPC,2020-08-25,13061.62
MEX,IPC,2020-08-26,13190.15
MEX,IPC,2020-08-27,13096.36
MEX,IPC,2020-08-28,13033.2
MEX,IPC,2020-08-31,12945.38
MEX,IPC,2020-09-01,12974.25
MEX,IPC,2020-09-02,13243.43
MEX,IPC,2020-09-03,13057.77
MEX,IPC,2020-09-04,12842.66
MEX,IPC,2020-09-07,13100.28
MEX,IPC,2020-09-08,12968.33
MEX,IPC,2020-09-09,13237.21
MEX,IPC,2020-09-10,13208.89
MEX,IPC,2020-09-11,13202.84
MEX,IPC,2020-09-14,13193.66
MEX,IPC,2020-09-15,13217.67
MEX,IPC,2020-09-16,13255.37
MEX,IPC,2020-09-17,13208.12
RUS,MOEX,2019-12-30,13249.01
RUS,MOEX,2020-01-02,13385.93
RUS,MOEX,2020-01-03,13219.14
RUS,MOEX,2020-01-06,13126.99
RUS,MOEX,2020-01-07,13226.83
RUS,MOEX,2020-01-08,13320.18
RUS,MOEX,2020-01-09,13495.06
RUS,MOEX,2020-01-10,13483.31
RUS,MOEX,2020-01-13,13451.52
RUS,MOEX,2020-01-14,13456.49
RUS,MOEX,2020-01-15,13432.3
RUS,MOEX,2020-01-16,13429.43
RUS,MOEX,2020-01-17,13526.13
RUS,MOEX,2020-01-20,13548.94
RUS,MOEX,2020-01-21,13555.87
RUS,MOEX,2020-01-22,13515.75
RUS,MOEX,2020-01-23,13388.42
RUS,MOEX,2020-01-24,13576.68
RUS,MOEX,2020-01-27,13204.77
RUS,MOEX,2020-01-28,13323.69
RUS,MOEX,2020-01-29,13345.0
RUS,MOEX,2020-01-30,13157.12
RUS,MOEX,2020-01-31,12981.97
RUS,MOEX,2020-02-03,13045.19
RUS,MOEX,2020-02-04,13281.74
RUS,MOEX,2020-02-05,13478.33
RUS,MOEX,2020-02-06,13574.82
RUS,MOEX,2020-02-07,13513.81
RUS,MOEX,2020-02-10,13494.03
RUS,MOEX,2020-02-11,13627.84
RUS,MOEX,2020-02-12,13749.78
RUS,MOEX,2020-02-13,13745.43
RUS,MOEX,2020-02-14,13744.21
RUS,MOEX,2020-02-17,13783.89
RUS,MOEX,2020-02-18,13681.19
RUS,MOEX,2020-02-19,13789.0
RUS,MOEX,2020-02-20,13664.0
RUS,MOEX,2020-02-21,13579.33
RUS,MOEX,2020-02-24,13035.24
RUS,MOEX,2020-02-25,12790.49
RUS,MOEX,2020-02-26,12774.88
RUS,MOEX,2020-02-27,12367.46
RUS,MOEX,2020-02-28,11890.35
RUS,MOEX,2020-03-02,11857.87
RUS,MOEX,2020-03-03,11985.39
RUS,MOEX,2020-03-04,12127.69
RUS,MOEX,2020-03-05,11944.72
RUS,MOEX,2020-03-06,11541.87
RUS,MOEX,2020-03-09,10625.02
RUS,MOEX,2020-03-10,10475.49
RUS,MOEX,2020-03-11,10438.68
RUS,MOEX,2020-03-12,9161.13
RUS,MOEX,2020-03-13,9232.08
RUS,MOEX,2020-03-16,8742.25
RUS,MOEX,2020-03-17,8939.1
RUS,MOEX,2020-03-18,8441.71
RUS,MOEX,2020-03-19,8610.43
RUS,MOEX,2020-03-20,8928.95
RUS,MOEX,2020-03-23,8741.15
RUS,MOEX,2020-03-24,9700.57
RUS,MOEX,2020-03-25,9874.26
RUS,MOEX,2020-03-26,10000.96
RUS,MOEX,2020-03-27,9632.52
RUS,MOEX,2020-03-30,9815.97
RUS,MOEX,2020-03-31,9935.84
RUS,MOEX,2020-04-01,9544.75
RUS,MOEX,2020-04-02,9570.82
RUS,MOEX,2020-04-03,9525.77
RUS,MOEX,2020-04-06,10075.17
RUS,MOEX,2020-04-07,10356.7
RUS,MOEX,2020-04-08,10332.89
RUS,MOEX,2020-04-09,10564.74
RUS,MOEX,2020-04-14,10696.56
RUS,MOEX,2020-04-15,10279.76
RUS,MOEX,2020-04-16,10301.54
RUS,MOEX,2020-04-17,10625.78
RUS,MOEX,2020-04-20,10675.9
RUS,MOEX,2020-04-21,10249.85
RUS,MOEX,2020-04-22,10415.03
RUS,MOEX,2020-04-23,10513.79
RUS,MOEX,2020-04-24,10336.09
RUS,MOEX,2020-04-27,10659.99
RUS,MOEX,2020-04-28,10795.63
RUS,MOEX,2020-04-29,11107.74
RUS,MOEX,2020-04-30,10861.64
RUS,MOEX,2020-05-04,10466.8
RUS,MOEX,2020-05-05,10729.46
RUS,MOEX,2020-05-06,10606.2
RUS,MOEX,2020-05-07,10759.27
RUS,MOEX,2020-05-08,10904.48
RUS,MOEX,2020-05-11,10824.99
RUS,MOEX,2020-05-12,10819.5
RUS,MOEX,2020-05-13,10542.66
RUS,MOEX,2020-05-14,10337.02
RUS,MOEX,2020-05-15,10465.17
RUS,MOEX,2020-05-18,11058.87
RUS,MOEX,2020-05-19,11075.29
RUS,MOEX,2020-05-20,11223.71
RUS,MOEX,2020-05-21,11065.93
RUS,MOEX,2020-05-22,11073.87
RUS,MOEX,2020-05-25,11391.28
RUS,MOEX,2020-05-26,11504.65
RUS,MOEX,2020-05-27,11657.69
RUS,MOEX,2020-05-28,11781.13
RUS,MOEX,2020-05-29,11586.85
RUS,MOEX,2020-06-02,12021.28
RUS,MOEX,2020-06-03,12487.36
RUS,MOEX,2020-06-04,12430.56
RUS,MOEX,2020-06-05,12847.68
RUS,MOEX,2020-06-08,12819.59
RUS,MOEX,2020-06-09,12617.99
RUS,MOEX,2020-06-10,12530.16
RUS,MOEX,2020-06-11,11970.29
RUS,MOEX,2020-06-12,11949.28
RUS,MOEX,2020-06-15,11911.35
RUS,MOEX,2020-06-16,12315.66
RUS,MOEX,2020-06-17,12382.14
RUS,MOEX,2020-06-18,12281.53
RUS,MOEX,2020-06-19,12330.76
RUS,MOEX,2020-06-22,12262.97
RUS,MOEX,2020-06-23,12523.76
RUS,MOEX,2020-06-24,12093.94
RUS,MOEX,2020-06-25,12177.87
RUS,MOEX,2020-06-26,12089.39
RUS,MOEX,2020-06-29,12232.12
RUS,MOEX,2020-06-30,12310.93
RUS,MOEX,2020-07-01,12260.57
RUS,MOEX,2020-07-02,12608.46
RUS,MOEX,2020-07-03,12528.18
RUS,MOEX,2020-07-06,12733.45
RUS,MOEX,2020-07-07,12616.8
RUS,MOEX,2020-07-08,12494.81
RUS,MOEX,2020-07-09,12489.46
RUS,MOEX,2020-07-10,12633.71
RUS,MOEX,2020-07-13,12799.97
RUS,MOEX,2020-07-14,12697.36
RUS,MOEX,2020-07-15,12930.98
RUS,MOEX,2020-07-16,12874.97
RUS,MOEX,2020-07-17,12919.61
RUS,MOEX,2020-07-20,13046.92
RUS,MOEX,2020-07-21,13171.83
RUS,MOEX,2020-07-22,13104.25
RUS,MOEX,2020-07-23,13103.39
RUS,MOEX,2020-07-24,12838.06
RUS,MOEX,2020-07-27,12838.66
RUS,MOEX,2020-07-28,12835.28
RUS,MOEX,2020-07-29,12822.26
RUS,MOEX,2020-07-30,12379.65
RUS,MOEX,2020-07-31,12313.36
RUS,MOEX,2020-08-03,12646.98
RUS,MOEX,2020-08-04,12600.87
RUS,MOEX,2020-08-05,12660.25
RUS,MOEX,2020-08-06,12591.68
RUS,MOEX,2020-08-07,12674.88
RUS,MOEX,2020-08-10,12687.53
RUS,MOEX,2020-08-11,12946.89
RUS,MOEX,2020-08-12,13058.63
RUS,MOEX,2020-08-13,12993.71
RUS,MOEX,2020-08-14,12901.34
RUS,MOEX,2020-08-17,12920.66
RUS,MOEX,2020-08-18,12881.76
RUS,MOEX,2020-08-19,12977.33
RUS,MOEX,2020-08-20,12830.0
RUS,MOEX,2020-08-21,12764.8
RUS,MOEX,2020-08-24,13066.54
RUS,MOEX,2020-08-25,13061.62
RUS,MOEX,2020-08-26,13190.15
RUS,MOEX,2020-08-27,13096.36
RUS,MOEX,2020-08-28,13033.2
RUS,MOEX,2020-08-31,12945.38
RUS,MOEX,2020-09-01,12974.25
RUS,MOEX,2020-09-02,13243.43
RUS,MOEX,2020-09-03,13057.77
RUS,MOEX,2020-09-04,12842.66
RUS,MOEX,2020-09-07,13100.28
RUS,MOEX,2020-09-08,12968.33
RUS,MOEX,2020-09-09,13237.21
RUS,MOEX,2020-09-10,13208.89
RUS,MOEX,2020-09-11,13202.84
RUS,MOEX,2020-09-14,13193.66
RUS,MOEX,2020-09-15,13217.67
RUS,MOEX,2020-09-16,13255.37
RUS,MOEX,2020-09-17,13208.12
ESP,IBEX,2019-12-30,13249.01
ESP,IBEX,2020-01-02,13385.93
ESP,IBEX,2020-01-03,13219.14
ESP,IBEX,2020-01-06,13126.99
ESP,IBEX,2020-01-07,13226.83
ESP,IBEX,2020-01-08,13320.18
ESP,IBEX,2020-01-09,13495.06
ESP,IBEX,2020-01-10,13483.31
ESP,IBEX,2020-01-13,13451.52
ESP,IBEX,2020-01-14,13456.49
ESP,IBEX,2020-01-15,13432.3
ESP,IBEX,2020-01-16,13429.43
ESP,IBEX,2020-01-17,13526.13
ESP,IBEX,2020-01-20,13548.94
ESP,IBEX,2020-01-21,13555.87
ESP,IBEX,2020-01-22,13515.75
ESP,IBEX,2020-01-23,13388.42
ESP,IBEX,2020-01-24,13576.68
ESP,IBEX,2020-01-27,13204.77
ESP,IBEX,2020-01-28,13323.69
ESP,IBEX,2020-01-29,13345.0
ESP,IBEX,2020-01-30,13157.12
ESP,IBEX,2020-01-31,12981.97
ESP,IBEX,2020-02-03,13045.19
ESP,IBEX,2020-02-04,13281.74
ESP,IBEX,2020-02-05,13478.33
ESP,IBEX,2020-02-06,13574.82
ESP,IBEX,2020-02-07,13513.81
ESP,IBEX,2020-02-10,13494.03
ESP,IBEX,2020-02-11,13627.84
ESP,IBEX,2020-02-12,13749.78
ESP,IBEX,2020-02-13,13745.43
ESP,IBEX,2020-02-14,13744.21
ESP,IBEX,2020-02-17,13783.89
ESP,IBEX,2020-02-18,13681.19
ESP,IBEX,2020-02-19,13789.0
ESP,IBEX,2020-02-20,13664.0
ESP,IBEX,2020-02-21,13579.33
ESP,IBEX,2020-02-24,13035.24
ESP,IBEX,2020-02-25,12790.49
ESP,IBEX,2020-02-26,12774.88
ESP,IBEX,2020-02-27,12367.46
ESP,IBEX,2020-02-28,11890.35
ESP,IBEX,2020-03-02,11857.87
ESP,IBEX,2020-03-03,11985.39
ESP,IBEX,2020-03-04,12127.69
ESP,IBEX,2020-03-05,11944.72
ESP,IBEX,2020-03-06,11541.87
ESP,IBEX,2020-03-09,10625.02
ESP,IBEX,2020-03-10,10475.49
ESP,IBEX,2020-03-11,10438.68
ESP,IBEX,2020-03-12,9161.13
ESP,IBEX,2020-03-13,9232.08
ESP,IBEX,2020-03-16,8742.25
ESP,IBEX,2020-03-17,8939.1
ESP,IBEX,2020-03-18,8441.71
ESP,IBEX,2020-03-19,8610.43
ESP,IBEX,2020-03-20,8928.95
ESP,IBEX,2020-03-23,8741.15
ESP,IBEX,2020-03-24,9700.57
ESP,IBEX,2020-03-25,9874.26
ESP,IBEX,2020-03-26,10000.96
ESP,IBEX,2020-03-27,9632.52
ESP,IBEX,2020-03-30,9815.97
ESP,IBEX,2020-03-31,9935.84
ESP,IBEX,2020-04-01,9544.75
ESP,IBEX,2020-04-02,9570.82
ESP,IBEX,2020-04-03,9525.77
ESP,IBEX,2020-04-06,10075.17
ESP,IBEX,2020-04-07,10356.7
ESP,IBEX,2020-04-08,10332.89
ESP,IBEX,2020-04-09,10564.74
ESP,IBEX,2020-04-14,10696.56
ESP,IBEX,2020-04-15,10279.76
ESP,IBEX,2020-04-16,10301.54
ESP,IBEX,2020-04-17,10625.78
ESP,IBEX,2020-04-20,10675.9
ESP,IBEX,2020-04-21,10249.85
ESP,IBEX,2020-04-22,10415.03
ESP,IBEX,2020-04-23,10513.79
ESP,IBEX,2020-04-24,10336.09
ESP,IBEX,2020-04-27,10659.99
ESP,IBEX,2020-04-28,10795.63
ESP,IBEX,2020-04-29,11107.74
ESP,IBEX,2020-04-30,10861.64
ESP,IBEX,2020-05-04,10466.8
ESP,IBEX,2020-05-05,10729.46
ESP,IBEX,2020-05-06,10606.2
ESP,IBEX,2020-05-07,10759.27
ESP,IBEX,2020-05-08,10904.48
ESP,IBEX,2020-05-11,10824.99
ESP,IBEX,2020-05-12,10819.5
ESP,IBEX,2020-05-13,10542.66
ESP,IBEX,2020-05-14,10337.02
ESP,IBEX,2020-05-15,10465.17
ESP,IBEX,2020-05-18,11058.87
ESP,IBEX,2020-05-19,11075.29
ESP,IBEX,2020-05-20,11223.71
ESP,IBEX,2020-05-21,11065.93
ESP,IBEX,2020-05-22,11073.87
ESP,IBEX,2020-05-25,11391.28
ESP,IBEX,2020-05-26,11504.65
ESP,IBEX,2020-05-27,11657.69
ESP,IBEX,2020-05-28,11781.13
ESP,IBEX,2020-05-29,11586.85
ESP,IBEX,2020-06-02,12021.28
ESP,IBEX,2020-06-03,12487.36
ESP,IBEX,2020-06-04,12430.56
ESP,IBEX,2020-06-05,12847.68
ESP,IBEX,2020-06-08,12819.59
ESP,IBEX,2020-06-09,12617.99
ESP,IBEX,2020-06-10,12530.16
ESP,IBEX,2020-06-11,11970.29
ESP,IBEX,2020-06-12,11949.28
ESP,IBEX,2020-06-15,11911.35
ESP,IBEX,2020-06-16,12315.66
ESP,IBEX,2020-06-17,12382.14
ESP,IBEX,2020-06-18,12281.53
ESP,IBEX,2020-06-19,12330.76
ESP,IBEX,2020-06-22,12262.97
ESP,IBEX,2020-06-23,12523.76
ESP,IBEX,2020-06-24,12093.94
ESP,IBEX,2020-06-25,12177.87
ESP,IBEX,2020-06-26,12089.39
ESP,IBEX,2020-06-29,12232.12
ESP,IBEX,2020-06-30,12310.93
ESP,IBEX,2020-07-01,12260.57
ESP,IBEX,2020-07-02,12608.46
ESP,IBEX,2020-07-03,12528.18
ESP,IBEX,2020-07-06,12733.45
ESP,IBEX,2020-07-07,12616.8
ESP,IBEX,2020-07-08,12494.81
ESP,IBEX,2020-07-09,12489.46
ESP,IBEX,2020-07-10,12633.71
ESP,IBEX,2020-07-13,12799.97
ESP,IBEX,2020-07-14,12697.36
ESP,IBEX,2020-07-15,12930.98
ESP,IBEX,2020-07-16,12874.97
ESP,IBEX,2020-07-17,12919.61
ESP,IBEX,2020-07-20,13046.92
ESP,IBEX,2020-07-21,13171.83
ESP,IBEX,2020-07-22,13104.25
ESP,IBEX,2020-07-23,13103.39
ESP,IBEX,2020-07-24,12838.06
ESP,IBEX,2020-07-27,12838.66
ESP,IBEX,2020-07-28,12835.28
ESP,IBEX,2020-07-29,12822.26
ESP,IBEX,2020-07-30,12379.65
ESP,IBEX,2020-07-31,12313.36
ESP,IBEX,2020-08-03,12646.98
ESP,IBEX,2020-08-04,12600.87
ESP,IBEX,2020-08-05,12660.25
ESP,IBEX,2020-08-06,12591.68
ESP,IBEX,2020-08-07,12674.88
ESP,IBEX,2020-08-10,12687.53
ESP,IBEX,2020-08-11,12946.89
ESP,IBEX,2020-08-12,13058.63
ESP,IBEX,2020-08-13,12993.71
ESP,IBEX,2020-08-14,12901.34
ESP,IBEX,2020-08-17,12920.66
ESP,IBEX,2020-08-18,12881.76
ESP,IBEX,2020-08-19,12977.33
ESP,IBEX,2020-08-20,12830.0
ESP,IBEX,2020-08-21,12764.8
ESP,IBEX,2020-08-24,13066.54
ESP,IBEX,2020-08-25,13061.62
ESP,IBEX,2020-08-26,13190.15
ESP,IBEX,2020-08-27,13096.36
ESP,IBEX,2020-08-28,13033.2
ESP,IBEX,2020-08-31,12945.38
ESP,IBEX,2020-09-01,12974.25
ESP,IBEX,2020-09-02,13243.43
ESP,IBEX,2020-09-03,13057.77
ESP,IBEX,2020-09-04,12842.66
ESP,IBEX,2020-09-07,13100.28
ESP,IBEX,2020-09-08,12968.33
ESP,IBEX,2020-09-09,13237.21
ESP,IBEX,2020-09-10,13208.89
ESP,IBEX,2020-09-11,13202.84
ESP,IBEX,2020-09-14,13193.66
ESP,IBEX,2020-09-15,13217.67
ESP,IBEX,2020-09-16,13255.37
ESP,IBEX,2020-09-17,13208.12
GBR,UKX,2019-12-30,13249.01
GBR,UKX,2020-01-02,13385.93
GBR,UKX,2020-01-03,13219.14
GBR,UKX,2020-01-06,13126.99
GBR,UKX,2020-01-07,13226.83
GBR,UKX,2020-01-08,13320.18
GBR,UKX,2020-01-09,13495.06
GBR,UKX,2020-01-10,13483.31
GBR,UKX,2020-01-13,13451.52
GBR,UKX,2020-01-14,13456.49
GBR,UKX,2020-01-15,13432.3
GBR,UKX,2020-01-16,13429.43
GBR,UKX,2020-01-17,13526.13
GBR,UKX,2020-01-20,13548.94
GBR,UKX,2020-01-21,13555.87
GBR,UKX,2020-01-22,13515.75
GBR,UKX,2020-01-23,13388.42
GBR,UKX,2020-01-24,13576.68
GBR,UKX,2020-01-27,13204.77
GBR,UKX,2020-01-28,13323.69
GBR,UKX,2020-01-29,13345.0
GBR,UKX,2020-01-30,13157.12
GBR,UKX,2020-01-31,12981.97
GBR,UKX,2020-02-03,13045.19
GBR,UKX,2020-02-04,13281.74
GBR,UKX,2020-02-05,13478.33
GBR,UKX,2020-02-06,13574.82
GBR,UKX,2020-02-07,13513.81
GBR,UKX,2020-02-10,13494.03
GBR,UKX,2020-02-11,13627.84
GBR,UKX,2020-02-12,13749.78
GBR,UKX,2020-02-13,13745.43
GBR,UKX,2020-02-14,13744.21
GBR,UKX,2020-02-17,13783.89
GBR,UKX,2020-02-18,13681.19
GBR,UKX,2020-02-19,13789.0
GBR,UKX,2020-02-20,13664.0
GBR,UKX,2020-02-21,13579.33
GBR,UKX,2020-02-24,13035.24
GBR,UKX,2020-02-25,12790.49
GBR,UKX,2020-02-26,12774.88
GBR,UKX,2020-02-27,12367.46
GBR,UKX,2020-02-28,11890.35
GBR,UKX,2020-03-02,11857.87
GBR,UKX,2020-03-03,11985.39
GBR,UKX,2020-03-04,12127.69
GBR,UKX,2020-03-05,11944.72
GBR,UKX,2020-03-06,11541.87
GBR,UKX,2020-03-09,10625.02
GBR,UKX,2020-03-10,10475.49
GBR,UKX,2020-03-11,10438.68
GBR,UKX,2020-03-12,9161.13
GBR,UKX,2020-03-13,9232.08
GBR,UKX,2020-03-16,8742.25
GBR,UKX,2020-03-17,8939.1
GBR,UKX,2020-03-18,8441.71
GBR,UKX,2020-03-19,8610.43
GBR,UKX,2020-03-20,8928.95
GBR,UKX,2020-03-23,8741.15
GBR,UKX,2020-03-24,9700.57
GBR,UKX,2020-03-25,9874.26
GBR,UKX,2020-03-26,10000.96
GBR,UKX,2020-03-27,9632.52
GBR,UKX,2020-03-30,9815.97
GBR,UKX,2020-03-31,9935.84
GBR,UKX,2020-04-01,9544.75
GBR,UKX,2020-04-02,9570.82
GBR,UKX,2020-04-03,9525.77
GBR,UKX,2020-04-06,10075.17
GBR,UKX,2020-04-07,10356.7
GBR,UKX,2020-04-08,10332.89
GBR,UKX,2020-04-09,10564.74
GBR,UKX,2020-04-14,10696.56
GBR,UKX,2020-04-15,10279.76
GBR,UKX,2020-04-16,10301.54
GBR,UKX,2020-04-17,10625.78
GBR,UKX,2020-04-20,10675.9
GBR,UKX,2020-04-21,10249.85
GBR,UKX,2020-04-22,10415.03
GBR,UKX,2020-04-23,10513.79
GBR,UKX,2020-04-24,10336.09
GBR,UKX,2020-04-27,10659.99
GBR,UKX,2020-04-28,10795.63
GBR,UKX,2020-04-29,11107.74
GBR,UKX,2020-04-30,10861.64
GBR,UKX,2020-05-04,10466.8
GBR,UKX,2020-05-05,10729.46
GBR,UKX,2020-05-06,10606.2
GBR,UKX,2020-05-07,10759.27
GBR,UKX,2020-05-08,10904.48
GBR,UKX,2020-05-11,10824.99
GBR,UKX,2020-05-12,10819.5
GBR,UKX,2020-05-13,10542.66
GBR,UKX,2020-05-14,10337.02
GBR,UKX,2020-05-15,10465.17
GBR,UKX,2020-05-18,11058.87
GBR,UKX,2020-05-19,11075.29
GBR,UKX,2020-05-20,11223.71
GBR,UKX,2020-05-21,11065.93
GBR,UKX,2020-05-22,11073.87
GBR,UKX,2020-05-25,11391.28
GBR,UKX,2020-05-26,11504.65
GBR,UKX,2020-05-27,11657.69
GBR,UKX,2020-05-28,11781.13
GBR,UKX,2020-05-29,11586.85
GBR,UKX,2020-06-02,12021.28
GBR,UKX,2020-06-03,12487.36
GBR,UKX,2020-06-04,12430.56
GBR,UKX,2020-06-05,12847.68
GBR,UKX,2020-06-08,12819.59
GBR,UKX,2020-06-09,12617.99
GBR,UKX,2020-06-10,12530.16
GBR,UKX,2020-06-11,11970.29
GBR,UKX,2020-06-12,11949.28
GBR,UKX,2020-06-15,11911.35
GBR,UKX,2020-06-16,12315.66
GBR,UKX,2020-06-17,12382.14
GBR,UKX,2020-06-18,12281.53
GBR,UKX,2020-06-19,12330.76
GBR,UKX,2020-06-22,12262.97
GBR,UKX,2020-06-23,12523.76
GBR,UKX,2020-06-24,12093.94
GBR,UKX,2020-06-25,12177.87
GBR,UKX,2020-06-26,12089.39
GBR,UKX,2020-06-29,12232.12
GBR,UKX,2020-06-30,12310.93
GBR,UKX,2020-07-01,12260.57
GBR,UKX,2020-07-02,12608.46
GBR,UKX,2020-07-03,12528.18
GBR,UKX,2020-07-06,12733.45
GBR,UKX,2020-07-07,12616.8
GBR,UKX,2020-07-08,12494.81
GBR,UKX,2020-07-09,12489.46
GBR,UKX,2020-07-10,12633.71
GBR,UKX,2020-07-13,12799.97
GBR,UKX,2020-07-14,12697.36
GBR,UKX,2020-07-15,12930.98
GBR,UKX,2020-07-16,12874.97
GBR,UKX,2020-07-17,12919.61
GBR,UKX,2020-07-20,13046.92
GBR,UKX,2020-07-21,13171.83
GBR,UKX,2020-07-22,13104.25
GBR,UKX,2020-07-23,13103.39
GBR,UKX,2020-07-24,12838.06
GBR,UKX,2020-07-27,12838.66
GBR,UKX,2020-07-28,12835.28
GBR,UKX,2020-07-29,12822.26
GBR,UKX,2020-07-30,12379.65
GBR,UKX,2020-07-31,12313.36
GBR,UKX,2020-08-03,12646.98
GBR,UKX,2020-08-04,12600.87
GBR,UKX,2020-08-05,12660.25
GBR,UKX,2020-08-06,12591.68
GBR,UKX,2020-08-07,12674.88
GBR,UKX,2020-08-10,12687.53
GBR,UKX,2020-08-11,12946.89
GBR,UKX,2020-08-12,13058.63
GBR,UKX,2020-08-13,12993.71
GBR,UKX,2020-08-14,12901.34
GBR,UKX,2020-08-17,12920.66
GBR,UKX,2020-08-18,12881.76
GBR,UKX,2020-08-19,12977.33
GBR,UKX,2020-08-20,12830.0
GBR,UKX,2020-08-21,12764.8
GBR,UKX,2020-08-24,13066.54
GBR,UKX,2020-08-25,13061.62
GBR,UKX,2020-08-26,13190.15
GBR,UKX,2020-08-27,13096.36
GBR,UKX,2020-08-28,13033.2
GBR,UKX,2020-08-31,12945.38
GBR,UKX,2020-09-01,12974.25
GBR,UKX,2020-09-02,13243.43
GBR,UKX,2020-09-03,13057.77
GBR,UKX,2020-09-04,12842.66
GBR,UKX,2020-09-07,13100.28
GBR,UKX,2020-09-08,12968.33
GBR,UKX,2020-09-09,13237.21
GBR,UKX,2020-09-10,13208.89
GBR,UKX,2020-09-11,13202.84
GBR,UKX,2020-09-14,13193.66
GBR,UKX,2020-09-15,13217.67
GBR,UKX,2020-09-16,13255.37
GBR,UKX,2020-09-17,13208.12
